Metrics/EpRet,Metrics/EpCost,Metrics/EpLen,Train/Epoch,Train/Entropy,Train/KL,Train/StopIter,Train/PolicyRatio,Train/PolicyRatio/Min,Train/PolicyRatio/Max,Train/PolicyRatio/Std,Train/LR,Train/PolicyStd,TotalEnvSteps,Loss/Loss_pi,Loss/Loss_pi/Delta,Value/Adv,Loss/Loss_reward_critic,Loss/Loss_reward_critic/Delta,Value/reward,Loss/Loss_cost_critic,Loss/Loss_cost_critic/Delta,Value/cost,Time/Total,Time/Rollout,Time/Update,Time/Epoch,Time/FPS,Misc/Alpha,Misc/FinalStepNorm,Misc/gradient_norm,Misc/xHx,Misc/H_inv_g,Misc/AcceptanceStep,Metrics/LagrangeMultiplier,Metrics/LagrangeMultiplier/Min,Metrics/LagrangeMultiplier/Max,Metrics/LagrangeMultiplier/Std
-1.8384301662445068,75.3125,1000.0,0.0,1.4130620956420898,0.00039211829425767064,10.0,1.0005868673324585,1.0005868673324585,1.0005868673324585,0.00041489361319690943,0.0,0.9941713809967041,20000.0,-0.01227609533816576,-0.01227609533816576,-2.403259280470138e-08,0.006287147291004658,0.006287147291004658,-0.01407777238637209,3.0470383167266846,3.0470383167266846,-0.008387411944568157,43.29751968383789,31.409942626953125,11.886955261230469,43.29692840576172,461.92657470703125,1.1106178760528564,0.26103702187538147,0.09563878178596497,0.016214381903409958,0.2350376397371292,1.0,0.03599999472498894,0.03599999472498894,0.03599999472498894,0.0
-0.8909558057785034,87.65625,1000.0,1.0,1.409502625465393,0.0004051219439134002,10.0,0.9992188811302185,0.9992188811302185,0.9992188811302185,0.0005523485015146434,0.0,0.9906213879585266,40000.0,-0.016980456188321114,-0.0047043608501553535,5.531310964812519e-09,0.0033564355690032244,-0.0029307117220014334,-0.03929446265101433,2.013296604156494,-1.0337417125701904,1.730343222618103,84.74040985107422,26.775707244873047,14.645662307739258,41.42148971557617,482.8411865234375,0.8031517267227173,0.23830494284629822,0.1287505179643631,0.03100520744919777,0.2967122197151184,1.0,0.07099110633134842,0.07099110633134842,0.07099110633134842,0.0
-0.27462974190711975,83.375,1000.0,2.0,1.40170419216156,0.00043213670141994953,10.0,0.9987058639526367,0.9987058639526367,0.9987058639526367,0.0009150923578999937,0.0,0.9829280972480774,60000.0,-0.013635861687362194,0.0033445945009589195,1.506805347162299e-08,0.005231550429016352,0.0018751148600131273,-0.014049869030714035,1.7830804586410522,-0.2302161455154419,4.132569789886475,129.8380889892578,30.515512466430664,14.561132431030273,45.07672119140625,443.6880187988281,0.991668701171875,0.2447148710489273,0.1065695583820343,0.020337453112006187,0.24677075445652008,1.0,0.10601615905761719,0.10601615905761719,0.10601615905761719,0.0
0.9114608764648438,71.5,1000.0,3.0,1.3931728601455688,0.0004288509371690452,10.0,1.0006909370422363,1.0006909370422363,1.0006909370422363,0.0004885662929154932,0.0,0.9745691418647766,80000.0,-0.013940040953457355,-0.00030417926609516144,-1.9741058565614367e-08,0.00742066977545619,0.0021891193464398384,0.021719016134738922,1.770374059677124,-0.012706398963928223,4.666421413421631,169.62496948242188,25.692607879638672,14.070279121398926,39.762908935546875,502.9813232421875,1.0066554546356201,0.25110745429992676,0.10031924396753311,0.019736409187316895,0.2494472861289978,1.0,0.14062625169754028,0.14062625169754028,0.14062625169754028,0.0
2.0686392784118652,59.13999938964844,1000.0,4.0,1.3793654441833496,0.00043132505379617214,10.0,1.0012502670288086,1.0012502670288086,1.0012502670288086,0.0008840723312459886,0.0,0.9612693190574646,100000.0,-0.014503042213618755,-0.0005630012601613998,-3.4809113369504985e-09,0.008271857164800167,0.000851187389343977,0.0634104311466217,1.414572834968567,-0.35580122470855713,3.946716785430908,213.8006134033203,29.602420806884766,14.540855407714844,44.143310546875,453.0697937011719,0.9518142938613892,0.24810296297073364,0.11101099103689194,0.022076254710555077,0.2606631815433502,1.0,0.17423586547374725,0.17423586547374725,0.17423586547374725,0.0
3.983816146850586,52.65999984741211,1000.0,5.0,1.3637889623641968,0.0004170431348029524,10.0,0.999091625213623,0.999091625213623,0.999091625213623,0.0006423461018130183,0.0,0.9464121460914612,120000.0,-0.013585406355559826,0.0009176358580589294,-2.0599365768703137e-08,0.012401401065289974,0.004129543900489807,0.1554127186536789,1.534147024154663,0.11957418918609619,3.829535484313965,254.77618408203125,26.693838119506836,14.249763488769531,40.943626403808594,488.4765319824219,1.005384922027588,0.2520740330219269,0.10975897312164307,0.019786320626735687,0.2507239282131195,1.0,0.20668049156665802,0.20668049156665802,0.20668049156665802,0.0
6.184749126434326,57.060001373291016,1000.0,6.0,1.3488588333129883,0.00043351887143217027,10.0,0.9995633959770203,0.9995633959770203,0.9995633959770203,0.0003087116056121886,0.0,0.9324337840080261,140000.0,-0.013235746882855892,0.0003496594727039337,4.572868306240707e-08,0.011648369021713734,-0.0007530320435762405,0.24332548677921295,1.2671469449996948,-0.26700007915496826,3.490800380706787,294.4773254394531,25.32634735107422,14.353652954101562,39.680023193359375,504.031982421875,1.055936336517334,0.2472236007452011,0.11492952704429626,0.017937185242772102,0.23412740230560303,1.0,0.23867227137088776,0.23867227137088776,0.23867227137088776,0.0
8.748196601867676,67.5999984741211,1000.0,7.0,1.3218798637390137,0.0004320279404055327,10.0,0.9992470145225525,0.9992470145225525,0.9992470145225525,0.0005324551602825522,0.0,0.9078225493431091,160000.0,-0.015943221747875214,-0.0027074748650193214,-1.3775824925232882e-07,0.013571071438491344,0.0019227024167776108,0.37943217158317566,1.5736007690429688,0.3064538240432739,4.070847034454346,333.8883361816406,26.70680046081543,12.67406940460205,39.380897521972656,507.8604431152344,0.8388626575469971,0.24657675623893738,0.14632080495357513,0.02842157520353794,0.29394182562828064,1.0,0.27101635932922363,0.27101635932922363,0.27101635932922363,0.0
10.398968696594238,62.0,1000.0,8.0,1.2989896535873413,0.00043380560236983,10.0,0.9997667670249939,0.9997667670249939,0.9997667670249939,0.00016493466682732105,0.0,0.8872736096382141,180000.0,-0.015256459824740887,0.0006867619231343269,-2.5939941750152684e-08,0.015361758880317211,0.0017906874418258667,0.4762592911720276,1.5917911529541016,0.018190383911132812,4.564004898071289,371.09344482421875,25.97136878967285,11.21324348449707,37.18463134765625,537.8566284179688,0.9088152050971985,0.24049530923366547,0.15569594502449036,0.02421467751264572,0.26462507247924805,1.0,0.30332812666893005,0.30332812666893005,0.30332812666893005,0.0
12.45090103149414,74.41999816894531,1000.0,9.0,1.2753385305404663,0.00041853144648484886,10.0,0.9991024136543274,0.9991024136543274,0.9991024136543274,0.00063470343593508,0.0,0.8666653633117676,200000.0,-0.01576213724911213,-0.0005056774243712425,-2.5367736355974557e-08,0.016002921387553215,0.0006411625072360039,0.5933861136436462,1.5962666273117065,0.0044754743576049805,5.2169108390808105,407.19427490234375,25.079822540283203,11.000597953796387,36.080440521240234,554.3169555664062,0.8263719081878662,0.2435256391763687,0.18122388422489166,0.02928726188838482,0.2946924567222595,1.0,0.3362453579902649,0.3362453579902649,0.3362453579902649,0.0
14.170642852783203,61.560001373291016,1000.0,10.0,1.2523490190505981,0.00039065792225301266,10.0,0.9994873404502869,0.9994873404502869,0.9994873404502869,0.0003625190875027329,0.0,0.8469398617744446,220000.0,-0.016184421256184578,-0.00042228400707244873,-4.2057038740495045e-08,0.017039241269230843,0.0010363198816776276,0.7688892483711243,1.6327404975891113,0.036473870277404785,5.5212554931640625,446.0047912597656,24.819034576416016,13.963701248168945,38.78275680541992,515.693115234375,0.8099726438522339,0.25794005393981934,0.16434422135353088,0.030485209077596664,0.31845518946647644,1.0,0.3690040707588196,0.3690040707588196,0.3690040707588196,0.0
16.273101806640625,58.959999084472656,1000.0,11.0,1.231060266494751,0.00041316624265164137,10.0,1.0002082586288452,1.0002082586288452,1.0002082586288452,0.00014728918904438615,0.0,0.829521656036377,240000.0,-0.015546784736216068,0.0006376365199685097,-2.106428098613833e-08,0.019261684268712997,0.002222442999482155,0.9033288359642029,1.237341046333313,-0.39539945125579834,6.043500900268555,486.3243408203125,25.70356559753418,14.593330383300781,40.29692840576172,496.31573486328125,0.8092749118804932,0.24188420176506042,0.18218031525611877,0.030537795275449753,0.29888999462127686,1.0,0.4014861583709717,0.4014861583709717,0.4014861583709717,0.0
18.313486099243164,49.220001220703125,1000.0,12.0,1.2144025564193726,0.00029453751631081104,10.0,1.0013412237167358,1.0013412237167358,1.0013412237167358,0.0009483603062108159,0.0,0.8159679770469666,260000.0,-0.012907673604786396,0.0026391111314296722,3.8909913513407446e-08,0.023001419380307198,0.0037397351115942,1.0669485330581665,1.4310098886489868,0.19366884231567383,5.481015682220459,524.8925170898438,25.395633697509766,13.147491455078125,38.54314422607422,518.8990478515625,1.0091882944107056,0.30256882309913635,0.11019716411828995,0.019637463614344597,0.2998139560222626,1.0,0.4330657422542572,0.4330657422542572,0.4330657422542572,0.0
19.658363342285156,45.7599983215332,1000.0,13.0,1.1953495740890503,0.00035734788980334997,10.0,0.9998571276664734,0.9998571276664734,0.9998571276664734,0.00010104005195898935,0.0,0.8008370399475098,280000.0,-0.014427115209400654,-0.0015194416046142578,-2.307891833197573e-08,0.023316508159041405,0.00031508877873420715,1.2424750328063965,1.3288061618804932,-0.10220372676849365,5.511031150817871,563.2245483398438,25.574987411499023,12.729082107543945,38.304115295410156,522.1371459960938,0.8904387354850769,0.2727598547935486,0.15231171250343323,0.02522445097565651,0.3063207268714905,1.0,0.46360889077186584,0.46360889077186584,0.46360889077186584,0.0
21.091392517089844,52.63999938964844,1000.0,14.0,1.1725707054138184,0.00032583146821707487,10.0,1.001293659210205,1.001293659210205,1.001293659210205,0.0009147551609203219,0.0,0.7829461097717285,300000.0,-0.014722012914717197,-0.0002948977053165436,-3.2329559473964764e-08,0.02863100916147232,0.005314501002430916,1.3751027584075928,1.4835854768753052,0.154779314994812,5.852788925170898,601.9652709960938,25.760746002197266,12.957130432128906,38.7178955078125,516.5570068359375,0.8817662000656128,0.29363271594047546,0.11872337758541107,0.025723077356815338,0.3330051600933075,1.0,0.4938121736049652,0.4938121736049652,0.4938121736049652,0.0
22.18301773071289,59.779998779296875,1000.0,15.0,1.1544560194015503,0.0003475600387901068,10.0,0.9982934594154358,0.9982934594154358,0.9982934594154358,0.0012066924246028066,0.0,0.768734872341156,320000.0,-0.017240900546312332,-0.0025188876315951347,1.7356873271978657e-08,0.026824424043297768,-0.001806585118174553,1.5360655784606934,1.4340811967849731,-0.04950428009033203,6.148035049438477,639.0841064453125,25.59347152709961,11.505105018615723,37.098602294921875,539.1038818359375,0.7353357076644897,0.2754431664943695,0.16095580160617828,0.036987803876399994,0.374581515789032,1.0,0.5242394208908081,0.5242394208908081,0.5242394208908081,0.0
22.784387588500977,62.91999816894531,1000.0,16.0,1.1408272981643677,0.00034595478791743517,10.0,1.0009928941726685,1.0009928941726685,1.0009928941726685,0.0007021102937869728,0.0,0.7585678696632385,340000.0,-0.015545151196420193,0.0016957493498921394,-2.799034071188089e-08,0.027816111221909523,0.0009916871786117554,1.5733121633529663,1.4467920064926147,0.012710809707641602,6.3853678703308105,682.96337890625,26.264739990234375,17.59316062927246,43.85792541503906,456.0179138183594,0.8412528038024902,0.27889010310173035,0.16133207082748413,0.028260305523872375,0.3315175473690033,1.0,0.5550698041915894,0.5550698041915894,0.5550698041915894,0.0
22.794147491455078,67.30000305175781,1000.0,17.0,1.121911644935608,0.00033142961910925806,10.0,0.999566376209259,0.999566376209259,0.999566376209259,0.0003066042554564774,0.0,0.7445816993713379,360000.0,-0.014951867051422596,0.0005932841449975967,-2.3841858265427618e-08,0.029210200533270836,0.0013940893113613129,1.721479892730713,1.395828127861023,-0.0509638786315918,6.2683916091918945,724.6268310546875,28.875667572021484,12.756843566894531,41.632530212402344,480.3935852050781,0.8661103844642639,0.28860440850257874,0.1647004783153534,0.026661423966288567,0.3332189619541168,1.0,0.5865113735198975,0.5865113735198975,0.5865113735198975,0.0
23.07476806640625,67.72000122070312,1000.0,18.0,1.1037288904190063,0.0003046529891435057,10.0,0.9994028210639954,0.9994028210639954,0.9994028210639954,0.0004222833376843482,0.0,0.7310890555381775,380000.0,-0.016528425738215446,-0.0015765586867928505,2.8228759774151513e-08,0.029429815709590912,0.000219615176320076,1.8693119287490845,1.4899373054504395,0.0941091775894165,6.478460311889648,769.1282348632812,30.83795166015625,13.634712219238281,44.47268295288086,449.7142639160156,0.7763308882713318,0.30080491304397583,0.14870715141296387,0.03318456560373306,0.3874700367450714,1.0,0.6185010075569153,0.6185010075569153,0.6185010075569153,0.0
23.944345474243164,69.87999725341797,1000.0,19.0,1.0765624046325684,0.0003165225207339972,10.0,0.9998411536216736,0.9998411536216736,0.9998411536216736,0.0001123354013543576,0.0,0.7111551761627197,400000.0,-0.013814330101013184,0.002714095637202263,2.0503998499066256e-08,0.028956959024071693,-0.00047285668551921844,1.973842740058899,1.2088115215301514,-0.2811257839202881,6.76452112197876,814.9666748046875,31.76748275756836,14.045794486999512,45.81330108642578,436.5544738769531,0.9138292670249939,0.3031025826931,0.12254753708839417,0.023949678987264633,0.3316839933395386,1.0,0.6510799527168274,0.6510799527168274,0.6510799527168274,0.0
25.042978286743164,66.45999908447266,1000.0,20.0,1.057449221611023,0.0003091793041676283,10.0,0.9995813369750977,0.9995813369750977,0.9995813369750977,0.0002960113633889705,0.0,0.6973850131034851,420000.0,-0.016676142811775208,-0.002861812710762024,1.0633468328080653e-08,0.030547402799129486,0.0015904437750577927,2.0732007026672363,1.389748454093933,0.18093693256378174,6.774852275848389,855.3258666992188,28.795692443847656,11.544727325439453,40.3404426574707,495.7803649902344,0.7684828042984009,0.2980957329273224,0.14522075653076172,0.03386581689119339,0.3879016041755676,1.0,0.6839749217033386,0.6839749217033386,0.6839749217033386,0.0
25.700546264648438,58.060001373291016,1000.0,21.0,1.041451096534729,0.0003246894630137831,10.0,0.9980880618095398,0.9980880618095398,0.9980880618095398,0.001351930433884263,0.0,0.6863546371459961,440000.0,-0.016649747267365456,2.6395544409751892e-05,-1.4972686201986107e-08,0.028824299573898315,-0.0017231032252311707,2.1888136863708496,1.2296725511550903,-0.16007590293884277,6.799137592315674,894.0991821289062,26.50511932373047,12.249122619628906,38.7542610168457,516.0723266601562,0.7847734689712524,0.29789039492607117,0.13682664930820465,0.03247440606355667,0.3795877695083618,1.0,0.7166292667388916,0.7166292667388916,0.7166292667388916,0.0
26.086503982543945,61.08000183105469,1000.0,22.0,1.026955485343933,0.0002833765756804496,10.0,1.0005083084106445,1.0005083084106445,1.0005083084106445,0.00035942831891588867,0.0,0.6766371130943298,460000.0,-0.01695537008345127,-0.00030562281608581543,-2.160072298806881e-08,0.030482981353998184,0.0016586817800998688,2.2018895149230957,1.360830307006836,0.1311577558517456,6.238847732543945,937.5201416015625,30.014604568481445,13.387311935424805,43.40193557739258,460.8089294433594,0.7576069831848145,0.3147672414779663,0.14613783359527588,0.03484512120485306,0.4154756963253021,1.0,0.7492755055427551,0.7492755055427551,0.7492755055427551,0.0
26.719423294067383,59.79999923706055,1000.0,23.0,1.0149598121643066,0.00029741867911070585,10.0,1.000043272972107,1.000043272972107,1.000043272972107,3.05145513266325e-05,0.0,0.6688094139099121,480000.0,-0.017865926027297974,-0.0009105559438467026,1.3375282215122297e-08,0.03328970819711685,0.0028067268431186676,2.30108642578125,1.3360264301300049,-0.024803876876831055,6.673040390014648,981.1854248046875,29.844829559326172,13.795437812805176,43.640289306640625,458.2921142578125,0.7274742722511292,0.3084017336368561,0.15101000666618347,0.03779153525829315,0.4239349365234375,1.0,0.7818375825881958,0.7818375825881958,0.7818375825881958,0.0
27.475229263305664,57.220001220703125,1000.0,24.0,1.0112977027893066,0.00028908177046105266,10.0,1.0008713006973267,1.0008713006973267,1.0008713006973267,0.0006160745397210121,0.0,0.6667278409004211,500000.0,-0.016321701928973198,0.0015442240983247757,2.956390332542469e-08,0.031496092677116394,-0.0017936155200004578,2.384942054748535,1.2495828866958618,-0.08644354343414307,6.654262542724609,1022.5819091796875,29.571701049804688,11.803804397583008,41.37552261352539,483.3775939941406,0.8044840097427368,0.3058971166610718,0.16075825691223145,0.030902601778507233,0.38024023175239563,1.0,0.8141587376594543,0.8141587376594543,0.8141587376594543,0.0
27.440814971923828,53.939998626708984,1000.0,25.0,1.012953281402588,0.0002983755257446319,10.0,1.0002912282943726,1.0002912282943726,1.0002912282943726,0.00020595760724972934,0.0,0.6683919429779053,520000.0,-0.016536444425582886,-0.0002147424966096878,4.768371461572052e-11,0.029293492436408997,-0.0022026002407073975,2.423736810684204,1.1726233959197998,-0.07695949077606201,6.834959983825684,1066.3665771484375,29.609331130981445,14.155036926269531,43.76438522338867,456.99261474609375,0.8009255528450012,0.3002590239048004,0.13453732430934906,0.031177803874015808,0.3748900592327118,1.0,0.8460429906845093,0.8460429906845093,0.8460429906845093,0.0
27.82988739013672,51.31999969482422,1000.0,26.0,1.0089813470840454,0.00025673967320472,10.0,0.9996023178100586,0.9996023178100586,0.9996023178100586,0.00028117565670982003,0.0,0.666226863861084,540000.0,-0.014878715388476849,0.0016577290371060371,-1.282691997062102e-08,0.03252658620476723,0.0032330937683582306,2.465322971343994,1.012128472328186,-0.16049492359161377,6.322210311889648,1119.4642333984375,35.37790298461914,17.699913024902344,53.077842712402344,376.8050537109375,0.8490691781044006,0.32552841305732727,0.11531904339790344,0.027742378413677216,0.3833944499492645,1.0,0.8773532509803772,0.8773532509803772,0.8773532509803772,0.0
27.54239273071289,46.7599983215332,1000.0,27.0,1.0038795471191406,0.000279885163763538,10.0,0.999234676361084,0.999234676361084,0.999234676361084,0.000541137414984405,0.0,0.6628620624542236,560000.0,-0.018412886187434196,-0.003534170798957348,-2.00271599304358e-09,0.03264307230710983,0.00011648610234260559,2.535240650177002,1.2001460790634155,0.1880176067352295,5.960751056671143,1162.83447265625,30.236560821533203,13.112386703491211,43.348968505859375,461.37200927734375,0.6929503083229065,0.31100085377693176,0.17023855447769165,0.04165102541446686,0.4488067030906677,1.0,0.9078043103218079,0.9078043103218079,0.9078043103218079,0.0
27.460342407226562,51.939998626708984,1000.0,28.0,1.0016735792160034,0.00030612084083259106,10.0,1.0008493661880493,1.0008493661880493,1.0008493661880493,0.0006005644681863487,0.0,0.6617680191993713,580000.0,-0.018469098955392838,-5.621276795864105e-05,2.8610229740877458e-09,0.03073979541659355,-0.0019032768905162811,2.527758836746216,1.2771975994110107,0.07705152034759521,6.188756942749023,1206.6390380859375,30.797809600830078,12.984274864196777,43.782108306884766,456.8076171875,0.7062777876853943,0.29689517617225647,0.1801234483718872,0.04009394347667694,0.4203660488128662,1.0,0.9379015564918518,0.9379015564918518,0.9379015564918518,0.0
27.197816848754883,57.7599983215332,1000.0,29.0,1.006460189819336,0.00033339796937070787,10.0,1.0006389617919922,1.0006389617919922,1.0006389617919922,0.0004518142086453736,0.0,0.6655694246292114,600000.0,-0.01867128349840641,-0.0002021845430135727,-2.2888184680880386e-09,0.03167532756924629,0.0009355321526527405,2.519369602203369,1.2029650211334229,-0.07423257827758789,6.345743656158447,1248.3397216796875,29.624696731567383,12.047088623046875,41.67180252075195,479.9408264160156,0.7186406850814819,0.28259047865867615,0.18005633354187012,0.0387263260781765,0.3932291567325592,1.0,0.9681308269500732,0.9681308269500732,0.9681308269500732,0.0
27.43337631225586,60.619998931884766,1000.0,30.0,1.0099297761917114,0.00029191566864028573,10.0,0.9995577931404114,0.9995577931404114,0.9995577931404114,0.00031267342274077237,0.0,0.6680317521095276,620000.0,-0.01781783439218998,0.0008534491062164307,2.307891833197573e-08,0.030279511585831642,-0.00139581598341465,2.6070704460144043,1.1807947158813477,-0.022170305252075195,6.45279598236084,1288.7720947265625,29.07070541381836,11.339983940124512,40.410709381103516,494.9183044433594,0.7172306776046753,0.30524274706840515,0.1656249612569809,0.03887873515486717,0.4255850911140442,1.0,0.9986922144889832,0.9986922144889832,0.9986922144889832,0.0
27.913257598876953,56.29999923706055,1000.0,31.0,1.001382827758789,0.00032055811607278883,10.0,0.9994959831237793,0.9994959831237793,0.9994959831237793,0.00035636566462926567,0.0,0.6627187132835388,640000.0,-0.0180610790848732,-0.0002432446926832199,-2.408027732769824e-08,0.03506669029593468,0.004787178710103035,2.6832468509674072,1.1376525163650513,-0.04314219951629639,6.4855780601501465,1328.1419677734375,28.228225708007812,11.120206832885742,39.34844970703125,508.27923583984375,0.7146267294883728,0.30244335532188416,0.15596136450767517,0.03916258364915848,0.42321863770484924,1.0,1.029237985610962,1.029237985610962,1.029237985610962,0.0
27.994972229003906,60.400001525878906,1000.0,32.0,0.9969667792320251,0.00029557652305811644,10.0,1.000170111656189,1.000170111656189,1.000170111656189,0.00012031521328026429,0.0,0.6606504321098328,660000.0,-0.02079959399998188,-0.0027385149151086807,-1.7166137400437265e-09,0.036113444715738297,0.0010467544198036194,2.694310188293457,1.3189380168914795,0.18128550052642822,6.684970855712891,1368.7257080078125,28.157371520996094,12.405384063720703,40.562774658203125,493.06292724609375,0.6482540965080261,0.3095564544200897,0.19922542572021484,0.04759259521961212,0.47752341628074646,1.0,1.0600802898406982,1.0600802898406982,1.0600802898406982,0.0
27.704618453979492,59.65999984741211,1000.0,33.0,0.9919764995574951,0.0002686932566575706,10.0,1.000112533569336,1.000112533569336,1.000112533569336,7.957324851304293e-05,0.0,0.6578463912010193,680000.0,-0.017223449423909187,0.003576144576072693,6.616115655333488e-09,0.03288926184177399,-0.0032241828739643097,2.731154203414917,1.1198711395263672,-0.1990668773651123,6.655112266540527,1408.742431640625,27.401514053344727,12.592279434204102,39.99381637573242,500.07733154296875,0.7382734417915344,0.3174070715904236,0.1380198448896408,0.03669402375817299,0.4299315810203552,1.0,1.091137409210205,1.091137409210205,1.091137409210205,0.0
27.699268341064453,58.31999969482422,1000.0,34.0,0.9785594940185547,0.00028467868105508387,10.0,0.9986612796783447,0.9986612796783447,0.9986612796783447,0.0009466182091273367,0.0,0.6492325663566589,700000.0,-0.0186579842120409,-0.0014345347881317139,1.430511542555024e-10,0.03309020400047302,0.00020094215869903564,2.7839057445526123,1.0941071510314941,-0.025763988494873047,6.634125709533691,1449.53076171875,28.63351058959961,12.134193420410156,40.767723083496094,490.58416748046875,0.686469554901123,0.3142668902873993,0.16061213612556458,0.04244116693735123,0.45780149102211,1.0,1.1222920417785645,1.1222920417785645,1.1222920417785645,0.0
27.31615447998047,50.91999816894531,1000.0,35.0,0.9746615886688232,0.00028795062098652124,10.0,1.0000619888305664,1.0000619888305664,1.0000619888305664,4.3888991058338434e-05,0.0,0.6469772458076477,720000.0,-0.01876734010875225,-0.00010935589671134949,1.4305114870438729e-09,0.034113023430109024,0.0010228194296360016,2.7560648918151855,1.0864732265472412,-0.00763392448425293,6.90303897857666,1487.919921875,26.940128326416016,11.428631782531738,38.3687858581543,521.257080078125,0.709963321685791,0.30830925703048706,0.15202051401138306,0.039678752422332764,0.4342607259750366,1.0,1.1529662609100342,1.1529662609100342,1.1529662609100342,0.0
27.98088836669922,54.97999954223633,1000.0,36.0,0.9687056541442871,0.00028156436746940017,10.0,1.0005296468734741,1.0005296468734741,1.0005296468734741,0.00037454499397426844,0.0,0.6436195969581604,740000.0,-0.016556067392230034,0.002211272716522217,9.059905714536853e-09,0.033728864043951035,-0.0003841593861579895,2.7528977394104004,1.055199146270752,-0.03127408027648926,6.879129886627197,1528.6839599609375,28.306001663208008,12.437675476074219,40.74370193481445,490.8734436035156,0.7316364645957947,0.3142242431640625,0.18314091861248016,0.037362776696681976,0.4294813275337219,1.0,1.1835401058197021,1.1835401058197021,1.1835401058197021,0.0
28.313718795776367,47.97999954223633,1000.0,37.0,0.9645233154296875,0.00028390082297846675,10.0,0.999506950378418,0.999506950378418,0.999506950378418,0.0003486668283585459,0.0,0.6413901448249817,760000.0,-0.018780546262860298,-0.0022244788706302643,1.1444092340440193e-09,0.03262396529316902,-0.001104898750782013,2.7790920734405518,1.0675557851791382,0.01235663890838623,6.49049711227417,1570.39990234375,29.49501609802246,12.202448844909668,41.697486877441406,479.64520263671875,0.6989532113075256,0.31548115611076355,0.16910715401172638,0.040938664227724075,0.451362282037735,1.0,1.213463306427002,1.213463306427002,1.213463306427002,0.0
28.785036087036133,45.7400016784668,1000.0,38.0,0.9653040766716003,0.00028629699954763055,10.0,1.0009530782699585,1.0009530782699585,1.0009530782699585,0.0006738438387401402,0.0,0.6418799161911011,780000.0,-0.01994198188185692,-0.0011614356189966202,-1.6498566068889886e-08,0.036654166877269745,0.004030201584100723,2.8130030632019043,1.0542547702789307,-0.01330101490020752,6.3934736251831055,1607.962158203125,25.695823669433594,11.84765911102295,37.54349899291992,532.7153930664062,0.655066192150116,0.3078378140926361,0.16533546149730682,0.04660789668560028,0.4699338972568512,1.0,1.2426176071166992,1.2426176071166992,1.2426176071166992,0.0
28.880964279174805,47.91999816894531,1000.0,39.0,0.9638106822967529,0.00028287735767662525,10.0,1.0001481771469116,1.0001481771469116,1.0001481771469116,0.00010474897862877697,0.0,0.6402948498725891,800000.0,-0.020717233419418335,-0.0007752515375614166,-2.38418573772492e-09,0.0346965491771698,-0.001957617700099945,2.816453695297241,1.1561962366104126,0.10194146633148193,6.277008533477783,1645.531494140625,25.375347137451172,12.174947738647461,37.550315856933594,532.6187133789062,0.6269426345825195,0.3121431767940521,0.20366135239601135,0.050883181393146515,0.4978814423084259,1.0,1.2712746858596802,1.2712746858596802,1.2712746858596802,0.0
28.447532653808594,49.13999938964844,1000.0,40.0,0.9553389549255371,0.00028804296744056046,10.0,1.000150203704834,1.000150203704834,1.000150203704834,0.00010621005640132353,0.0,0.634534478187561,820000.0,-0.021515583619475365,-0.0007983502000570297,-1.437664032266639e-08,0.033066436648368835,-0.0016301125288009644,2.8197073936462402,1.2859429121017456,0.129746675491333,6.650235176086426,1684.990966796875,28.103593826293945,11.336082458496094,39.439697265625,507.1033020019531,0.590556263923645,0.3120206892490387,0.21869733929634094,0.057346563786268234,0.5283504128456116,1.0,1.2995977401733398,1.2995977401733398,1.2995977401733398,0.0
27.92025375366211,58.119998931884766,1000.0,41.0,0.9485926628112793,0.00026635604444891214,10.0,0.999218761920929,0.999218761920929,0.999218761920929,0.0005524327862076461,0.0,0.6305254101753235,840000.0,-0.022346779704093933,-0.0008311960846185684,5.865096852630813e-09,0.031559914350509644,-0.001506522297859192,2.8253049850463867,1.3607509136199951,0.07480800151824951,6.658927917480469,1727.1505126953125,28.891468048095703,13.247835159301758,42.13933181762695,474.6159973144531,0.5933837890625,0.325806587934494,0.181045264005661,0.056801341474056244,0.5490655899047852,1.0,1.3283817768096924,1.3283817768096924,1.3283817768096924,0.0
27.810161590576172,58.099998474121094,1000.0,42.0,0.9453431963920593,0.00028576835757121444,10.0,1.000745415687561,1.000745415687561,1.000745415687561,0.0005271165864542127,0.0,0.6288067698478699,860000.0,-0.021363390609622,0.0009833890944719315,8.583068478174027e-09,0.0305278729647398,-0.001032041385769844,2.827357292175293,1.211783528327942,-0.14896738529205322,6.733867168426514,1770.213623046875,29.765981674194336,13.270702362060547,43.03670883178711,464.7195739746094,0.6038680076599121,0.3110174536705017,0.2095792293548584,0.05484611541032791,0.5150421261787415,1.0,1.3575822114944458,1.3575822114944458,1.3575822114944458,0.0
28.089555740356445,58.279998779296875,1000.0,43.0,0.9410385489463806,0.0002753980807028711,10.0,1.0001182556152344,1.0001182556152344,1.0001182556152344,8.361935033462942e-05,0.0,0.626255989074707,880000.0,-0.01975218951702118,0.0016112010926008224,1.9073485846288207e-10,0.031083108857274055,0.000555235892534256,2.8587348461151123,1.1790720224380493,-0.03271150588989258,6.5014262199401855,1813.1497802734375,30.384817123413086,12.52995777130127,42.914794921875,466.03973388671875,0.6606547236442566,0.3182981610298157,0.17956329882144928,0.045822713524103165,0.4817921221256256,1.0,1.3871753215789795,1.3871753215789795,1.3871753215789795,0.0
28.285079956054688,58.220001220703125,1000.0,44.0,0.9385428428649902,0.00031036543077789247,10.0,1.0004581212997437,1.0004581212997437,1.0004581212997437,0.00032385639497078955,0.0,0.6250868439674377,900000.0,-0.022462109103798866,-0.002709919586777687,-7.867813067718998e-09,0.030040603131055832,-0.0010425057262182236,2.8639276027679443,1.1667834520339966,-0.012288570404052734,6.677226543426514,1855.6005859375,30.011611938476562,12.417301177978516,42.42893981933594,471.3763732910156,0.5794710516929626,0.2980037331581116,0.22413364052772522,0.059561606496572495,0.5142685174942017,1.0,1.4171199798583984,1.4171199798583984,1.4171199798583984,0.0
28.265958786010742,58.560001373291016,1000.0,45.0,0.940122127532959,0.0002698393655009568,10.0,0.9994645714759827,0.9994645714759827,0.9994645714759827,0.0003785910957958549,0.0,0.6260308623313904,920000.0,-0.022346308454871178,0.0001158006489276886,5.531310964812519e-09,0.033440493047237396,0.0033998899161815643,2.842378616333008,1.1702866554260254,0.0035032033920288086,6.595037460327148,1897.9178466796875,30.30138397216797,11.995796203613281,42.29721450805664,472.8443908691406,0.5790553689002991,0.3177826702594757,0.20346657931804657,0.05964714288711548,0.5487949848175049,1.0,1.4474116563796997,1.4474116563796997,1.4474116563796997,0.0
28.2899169921875,56.380001068115234,1000.0,46.0,0.9357483983039856,0.0002755902532953769,10.0,1.0000559091567993,1.0000559091567993,1.0000559091567993,3.9618214941583574e-05,0.0,0.6230663657188416,940000.0,-0.020460879430174828,0.00188542902469635,1.1444091896350983e-08,0.03339396044611931,-4.653260111808777e-05,2.8755340576171875,1.1068304777145386,-0.06345617771148682,6.360562324523926,1938.4444580078125,28.88161849975586,11.625284194946289,40.506919860839844,493.7427978515625,0.6363800764083862,0.3164864480495453,0.168792724609375,0.049385182559490204,0.49732306599617004,1.0,1.4778388738632202,1.4778388738632202,1.4778388738632202,0.0
27.934123992919922,54.459999084472656,1000.0,47.0,0.9311415553092957,0.0002613576943986118,10.0,1.0004113912582397,1.0004113912582397,1.0004113912582397,0.000290925643639639,0.0,0.6201713681221008,960000.0,-0.0209891889244318,-0.0005283094942569733,-4.1961669694501325e-09,0.032735176384449005,-0.0006587840616703033,2.762722969055176,1.1876673698425293,0.08083689212799072,6.134941577911377,1976.635498046875,26.920156478881836,11.251728057861328,38.171905517578125,523.945556640625,0.6034941077232361,0.323593407869339,0.1960660070180893,0.054914094507694244,0.5361999273300171,1.0,1.5082319974899292,1.5082319974899292,1.5082319974899292,0.0
28.409286499023438,45.52000045776367,1000.0,48.0,0.9263778328895569,0.0002745215897448361,10.0,1.0001230239868164,1.0001230239868164,1.0001230239868164,8.704733045306057e-05,0.0,0.6171121597290039,980000.0,-0.020471615716814995,0.000517573207616806,-4.1961669694501325e-09,0.03533828258514404,0.002603106200695038,2.8745744228363037,0.9591371417045593,-0.22853022813796997,6.094851016998291,2014.0076904296875,25.71525764465332,11.636993408203125,37.3522834777832,535.4425048828125,0.6353009939193726,0.3181449770927429,0.19182506203651428,0.049553096294403076,0.500778317451477,1.0,1.5378186702728271,1.5378186702728271,1.5378186702728271,0.0
27.923505783081055,51.31999969482422,1000.0,49.0,0.9307553172111511,0.0002641412429511547,10.0,1.000545859336853,1.000545859336853,1.000545859336853,0.000385952735086903,0.0,0.6201441287994385,1000000.0,-0.021268164739012718,-0.0007965490221977234,-9.059905714536853e-09,0.03759957477450371,0.002261292189359665,2.8538973331451416,1.0841712951660156,0.1250341534614563,5.7981085777282715,2055.05908203125,29.511507034301758,11.510047912597656,41.02157211303711,487.54833984375,0.6076378226280212,0.31925109028816223,0.19004593789577484,0.05416768789291382,0.5253970623016357,1.0,1.5672028064727783,1.5672028064727783,1.5672028064727783,0.0
28.272872924804688,47.779998779296875,1000.0,50.0,0.9332950711250305,0.0002567599294707179,10.0,1.0013395547866821,1.0013395547866821,1.0013395547866821,0.0009472925448790193,0.0,0.6213200688362122,1020000.0,-0.020169397816061974,0.0010987669229507446,1.5449524326527353e-08,0.02997461147606373,-0.0076249632984399796,2.9110307693481445,1.0920454263687134,0.007874131202697754,6.200820446014404,2095.852783203125,28.492687225341797,12.281526565551758,40.774234771728516,490.5058288574219,0.6375923752784729,0.3245619833469391,0.18133939802646637,0.049197569489479065,0.5090430378913879,1.0,1.5960958003997803,1.5960958003997803,1.5960958003997803,0.0
28.48208999633789,52.599998474121094,1000.0,51.0,0.9324657320976257,0.00026359863113611937,10.0,0.9991931915283203,0.9991931915283203,0.9991931915283203,0.0005704716313630342,0.0,0.6200758814811707,1040000.0,-0.02179042063653469,-0.0016210228204727173,-3.290176353587526e-09,0.03261777386069298,0.0026431623846292496,2.9191412925720215,1.2168731689453125,0.12482774257659912,5.811096668243408,2134.684814453125,26.79037857055664,12.021605491638184,38.81200408935547,515.3045043945312,0.5909547209739685,0.323371559381485,0.23015864193439484,0.05726924166083336,0.547201931476593,1.0,1.6249862909317017,1.6249862909317017,1.6249862909317017,0.0
28.590171813964844,52.619998931884766,1000.0,52.0,0.9335067868232727,0.00025226891739293933,10.0,1.0002254247665405,1.0002254247665405,1.0002254247665405,0.0001593151391716674,0.0,0.6204250454902649,1060000.0,-0.020813606679439545,0.0009768139570951462,-8.535384843355587e-09,0.034887462854385376,0.002269688993692398,2.8621456623077393,1.1124264001846313,-0.10444676876068115,5.984414100646973,2175.715087890625,28.96435546875,12.044719696044922,41.009098052978516,487.6966857910156,0.6123756766319275,0.32370662689208984,0.18202590942382812,0.05333275720477104,0.5286079049110413,1.0,1.6538833379745483,1.6538833379745483,1.6538833379745483,0.0
28.133527755737305,55.400001525878906,1000.0,53.0,0.9299781322479248,0.00028817731072194874,10.0,1.000017762184143,1.000017762184143,1.000017762184143,1.2531726497400086e-05,0.0,0.6188027858734131,1080000.0,-0.02311720699071884,-0.002303600311279297,4.76837147544984e-09,0.03630439192056656,0.0014169290661811829,2.854365348815918,1.1477274894714355,0.0353010892868042,5.913797855377197,2215.39111328125,27.78282928466797,11.869342803955078,39.652191162109375,504.3857421875,0.546298086643219,0.30872276425361633,0.20583763718605042,0.06701477617025375,0.5651177167892456,1.0,1.6830395460128784,1.6830395460128784,1.6830395460128784,0.0
28.488143920898438,52.040000915527344,1000.0,54.0,0.9305837750434875,0.0002636750286910683,10.0,0.9999557137489319,0.9999557137489319,0.9999557137489319,3.130106415483169e-05,0.0,0.6194759011268616,1100000.0,-0.021620208397507668,0.001496998593211174,-3.8146971692576415e-10,0.032993316650390625,-0.003311075270175934,2.9031312465667725,1.1648534536361694,0.017125964164733887,6.095339775085449,2256.445556640625,28.801546096801758,12.234485626220703,41.03605270385742,487.3763427734375,0.5796077847480774,0.3221764862537384,0.1806730031967163,0.059533510357141495,0.5558525323867798,1.0,1.7121347188949585,1.7121347188949585,1.7121347188949585,0.0
27.82953643798828,59.68000030517578,1000.0,55.0,0.931154727935791,0.00025980474310927093,10.0,0.9998456835746765,0.9998456835746765,0.9998456835746765,0.00010910414130194113,0.0,0.6199474334716797,1120000.0,-0.022327518090605736,-0.0007073096930980682,-1.8119812317252126e-09,0.0328427217900753,-0.00015059486031532288,2.7725167274475098,1.156204104423523,-0.008649349212646484,5.843006134033203,2296.4111328125,28.007232666015625,11.937917709350586,39.94517135620117,500.68634033203125,0.5609660148620605,0.32865452766418457,0.18950322270393372,0.06355603039264679,0.5858723521232605,1.0,1.7418568134307861,1.7418568134307861,1.7418568134307861,0.0
28.425840377807617,56.13999938964844,1000.0,56.0,0.9322640299797058,0.00026358949253335595,10.0,0.999866783618927,0.999866783618927,0.999866783618927,9.415607928531244e-05,0.0,0.6206478476524353,1140000.0,-0.02098253183066845,0.0013449862599372864,-5.197525076994225e-09,0.03370733931660652,0.0008646175265312195,2.9149250984191895,1.0230357646942139,-0.13316833972930908,6.435282230377197,2333.60546875,26.00428581237793,11.17038345336914,37.1746940612793,538.0004272460938,0.6115906238555908,0.32147109508514404,0.17746932804584503,0.05346975848078728,0.5256311893463135,1.0,1.7718335390090942,1.7718335390090942,1.7718335390090942,0.0
28.016157150268555,54.560001373291016,1000.0,57.0,0.9342136979103088,0.00025453802663832903,10.0,0.9988554120063782,0.9988554120063782,0.9988554120063782,0.0008093037758953869,0.0,0.6217733025550842,1160000.0,-0.018264232203364372,0.002718299627304077,-5.435943695175638e-09,0.03241155296564102,-0.0012957863509654999,2.874588966369629,0.9961515069007874,-0.026884257793426514,5.989526748657227,2370.403564453125,25.394840240478516,11.384710311889648,36.779579162597656,543.780029296875,0.7027216553688049,0.32549625635147095,0.155363991856575,0.040500760078430176,0.46319353580474854,1.0,1.8019030094146729,1.8019030094146729,1.8019030094146729,0.0
29.146564483642578,46.900001525878906,1000.0,58.0,0.9331136345863342,0.000270675664069131,10.0,0.9996650815010071,0.9996650815010071,0.9996650815010071,0.0002368090790696442,0.0,0.6213241219520569,1180000.0,-0.02280416153371334,-0.0045399293303489685,-3.3378602104505717e-09,0.03407963737845421,0.0016680844128131866,2.933178186416626,0.9429752230644226,-0.053176283836364746,5.439332485198975,2408.9111328125,26.94133758544922,11.547521591186523,38.4888801574707,519.630615234375,0.5615015029907227,0.32617196440696716,0.2190673053264618,0.06343487650156021,0.5808925032615662,1.0,1.8313599824905396,1.8313599824905396,1.8313599824905396,0.0
29.264158248901367,41.47999954223633,1000.0,59.0,0.934748649597168,0.0002845902636181563,10.0,1.0020599365234375,1.0020599365234375,1.0020599365234375,0.0014565389137715101,0.0,0.6218501329421997,1200000.0,-0.02099582552909851,0.00180833600461483,-3.337859988405967e-10,0.02919415943324566,-0.0048854779452085495,2.9335134029388428,0.8867948651313782,-0.056180357933044434,5.352529525756836,2446.691162109375,26.6210880279541,11.138932228088379,37.76004409790039,529.6604614257812,0.6094653010368347,0.30775246024131775,0.2042793482542038,0.05384333059191704,0.5049549341201782,1.0,1.8597536087036133,1.8597536087036133,1.8597536087036133,0.0
28.310827255249023,39.599998474121094,1000.0,60.0,0.9384562373161316,0.0002797163324430585,10.0,0.9987379908561707,0.9987379908561707,0.9987379908561707,0.0008923611603677273,0.0,0.6237671971321106,1220000.0,-0.021687543019652367,-0.0006917174905538559,2.8371811566785254e-09,0.03454925864934921,0.005355099216103554,2.775169610977173,0.82650226354599,-0.060292601585388184,5.280710220336914,2486.864501953125,27.44304084777832,12.710674285888672,40.15373611450195,498.0856628417969,0.6054783463478088,0.31454622745513916,0.18630050122737885,0.054554760456085205,0.5195003747940063,1.0,1.8870073556900024,1.8870073556900024,1.8870073556900024,0.0
27.431907653808594,40.099998474121094,1000.0,61.0,0.9388484954833984,0.0002648989320732653,10.0,1.000674843788147,1.000674843788147,1.000674843788147,0.0004772147221956402,0.0,0.6242130398750305,1240000.0,-0.018405906856060028,0.0032816361635923386,-1.0490417423625331e-08,0.03265463188290596,-0.0018946267664432526,2.8713929653167725,0.8675097823143005,0.04100751876831055,4.963137149810791,2525.1806640625,26.46633529663086,11.824426651000977,38.29077911376953,522.3189697265625,0.7175995111465454,0.3283621072769165,0.15732957422733307,0.03883878141641617,0.45758405327796936,1.0,1.9132853746414185,1.9132853746414185,1.9132853746414185,0.0
27.0081787109375,39.2400016784668,1000.0,62.0,0.9387362003326416,0.0002810493460856378,10.0,0.9992429614067078,0.9992429614067078,0.9992429614067078,0.0005353493033908308,0.0,0.6240625381469727,1260000.0,-0.023211685940623283,-0.004805779084563255,4.768371808516747e-10,0.034093551337718964,0.0014389194548130035,2.863129138946533,0.8258779048919678,-0.041631877422332764,4.860054016113281,2562.416259765625,25.19501495361328,12.02125358581543,37.216285705566406,537.399169921875,0.5552473664283752,0.3166904151439667,0.1982273906469345,0.06487194448709488,0.5703591704368591,1.0,1.938600778579712,1.938600778579712,1.938600778579712,0.0
27.315763473510742,42.5,1000.0,63.0,0.9424602389335632,0.0003068870573770255,10.0,0.999671459197998,0.999671459197998,0.999671459197998,0.0002322853251826018,0.0,0.6263195872306824,1280000.0,-0.026899799704551697,-0.0036881137639284134,1.0871887390351276e-08,0.03471174091100693,0.0006181895732879639,2.8684778213500977,1.0493786334991455,0.22350072860717773,5.102177619934082,2601.49072265625,27.743349075317383,11.311302185058594,39.05466842651367,512.1026611328125,0.46706506609916687,0.29774102568626404,0.2588619589805603,0.0916801244020462,0.6374720931053162,1.0,1.963379979133606,1.963379979133606,1.963379979133606,0.0
27.509750366210938,39.599998474121094,1000.0,64.0,0.943720817565918,0.00027893728110939264,10.0,1.000052571296692,1.000052571296692,1.000052571296692,3.720164022524841e-05,0.0,0.6270144581794739,1300000.0,-0.020172806456685066,0.0067269932478666306,9.53674295089968e-09,0.032091233879327774,-0.0026205070316791534,2.87283992767334,0.8324688076972961,-0.21690982580184937,5.358562469482422,2637.95703125,25.140844345092773,11.305307388305664,36.4461669921875,548.7545166015625,0.6408223509788513,0.31466928124427795,0.18378211557865143,0.04870286583900452,0.4910399317741394,1.0,1.9873878955841064,1.9873878955841064,1.9873878955841064,0.0
27.159629821777344,34.439998626708984,1000.0,65.0,0.9369149208068848,0.00028524716617539525,10.0,0.9998061060905457,0.9998061060905457,0.9998061060905457,0.00013708964979741722,0.0,0.6224491596221924,1320000.0,-0.01641594059765339,0.0037568658590316772,-1.0871887390351276e-08,0.03285013139247894,0.0007588975131511688,2.8072152137756348,0.7155506014823914,-0.11691820621490479,4.609620571136475,2677.171630859375,27.84177017211914,11.35283374786377,39.1946907043457,510.2732238769531,0.7828376293182373,0.3158300817012787,0.14196228981018066,0.03263521566987038,0.4034425914287567,1.0,2.0101687908172607,2.0101687908172607,2.0101687908172607,0.0
27.1322021484375,28.420000076293945,1000.0,66.0,0.9365890622138977,0.00023986658197827637,10.0,0.9995215535163879,0.9995215535163879,0.9995215535163879,0.0003383267903700471,0.0,0.6220725178718567,1340000.0,-0.01764245517551899,-0.0012265145778656006,-4.386901952813105e-09,0.03467023745179176,0.0018201060593128204,2.870948076248169,0.8137989044189453,0.09824830293655396,4.983911514282227,2718.59765625,29.524921417236328,11.880809783935547,41.4057502746582,483.0246887207031,0.7264434099197388,0.33241191506385803,0.14748521149158478,0.037898872047662735,0.45758822560310364,1.0,2.0311999320983887,2.0311999320983887,2.0311999320983887,0.0
25.831907272338867,31.579999923706055,1000.0,67.0,0.9387316703796387,0.0002736112801358104,10.0,1.000252604484558,1.000252604484558,1.000252604484558,0.00017859024228528142,0.0,0.6230170130729675,1360000.0,-0.018138961866497993,-0.0004965066909790039,2.2888184680880386e-09,0.032085955142974854,-0.00258428230881691,2.644056558609009,0.8229722380638123,0.009173333644866943,4.5334038734436035,2757.813232421875,27.798002243041992,11.397310256958008,39.19532775878906,510.264892578125,0.7292888760566711,0.32344821095466614,0.14720678329467773,0.037603709846735,0.44351181387901306,1.0,2.0509872436523438,2.0509872436523438,2.0509872436523438,0.0
25.996084213256836,41.34000015258789,1000.0,68.0,0.935615062713623,0.00030843535205349326,10.0,0.9993831515312195,0.9993831515312195,0.9993831515312195,0.0004361917672213167,0.0,0.621297299861908,1380000.0,-0.021889204159379005,-0.003750242292881012,-1.2111663671987571e-08,0.037288278341293335,0.0052023231983184814,2.764094352722168,0.9383748769760132,0.11540263891220093,5.055483818054199,2798.502197265625,28.88680076599121,11.78192138671875,40.66874313354492,491.7781982421875,0.5684177875518799,0.2975959777832031,0.24675589799880981,0.06190056353807449,0.5235515236854553,1.0,2.0706946849823,2.0706946849823,2.0706946849823,0.0
25.737503051757812,46.2400016784668,1000.0,69.0,0.9332860112190247,0.00025974682648666203,10.0,0.9989846348762512,0.9989846348762512,0.9989846348762512,0.000717957504093647,0.0,0.620324969291687,1400000.0,-0.02151346765458584,0.0003757365047931671,9.536743617033494e-10,0.034016720950603485,-0.00327155739068985,2.8264617919921875,0.9629243612289429,0.024549484252929688,5.233320236206055,2836.834716796875,26.550182342529297,11.761899948120117,38.312103271484375,522.0282592773438,0.5898571014404297,0.3219769597053528,0.20350055396556854,0.057482581585645676,0.5458557605743408,1.0,2.0908539295196533,2.0908539295196533,2.0908539295196533,0.0
26.646390914916992,43.599998474121094,1000.0,70.0,0.9386606216430664,0.00025257040397264063,10.0,1.00184166431427,1.00184166431427,1.00184166431427,0.0013022813946008682,0.0,0.6237761974334717,1420000.0,-0.01642044074833393,0.005093026906251907,1.0490417423625331e-09,0.03394804894924164,-6.867200136184692e-05,2.74648118019104,0.7152743935585022,-0.24764996767044067,4.762964725494385,2876.993408203125,27.56789779663086,12.568485260009766,40.136409759521484,498.3006896972656,0.765324056148529,0.3237757384777069,0.1528971940279007,0.03414594382047653,0.4230569899082184,1.0,2.1111514568328857,2.1111514568328857,2.1111514568328857,0.0
26.63235092163086,36.2400016784668,1000.0,71.0,0.944962203502655,0.00029527745209634304,10.0,0.9990941882133484,0.9990941882133484,0.9990941882133484,0.0006404916057363153,0.0,0.6279860734939575,1440000.0,-0.02225305885076523,-0.005832618102431297,1.0728836485895954e-08,0.035256799310445786,0.0013087503612041473,2.7492458820343018,0.8160704970359802,0.10079610347747803,4.53480863571167,2916.6962890625,27.554855346679688,12.121506690979004,39.6763916015625,504.0780944824219,0.5615456104278564,0.3064867854118347,0.20285528898239136,0.06342491507530212,0.5457914471626282,1.0,2.130791664123535,2.130791664123535,2.130791664123535,0.0
25.711986541748047,32.400001525878906,1000.0,72.0,0.9559409022331238,0.0002502200077287853,10.0,1.0015249252319336,1.0015249252319336,1.0015249252319336,0.0010782849276438355,0.0,0.6349466443061829,1460000.0,-0.019427774474024773,0.0028252843767404556,-9.536742923144104e-11,0.03161066770553589,-0.003646131604909897,2.761427640914917,0.8354564309120178,0.019385933876037598,4.581875801086426,2957.864013671875,28.564788818359375,12.574579238891602,41.139400482177734,486.1520080566406,0.681505560874939,0.3294588625431061,0.1627778559923172,0.043061692267656326,0.483428031206131,1.0,2.1494202613830566,2.1494202613830566,2.1494202613830566,0.0
25.450387954711914,36.279998779296875,1000.0,73.0,0.9538958072662354,0.0002787462726701051,10.0,1.0001059770584106,1.0001059770584106,1.0001059770584106,7.496520265704021e-05,0.0,0.6342002749443054,1480000.0,-0.021937796846032143,-0.00251002237200737,-1.4734268027893904e-08,0.03393304720520973,0.0023223794996738434,2.737663984298706,0.8993450403213501,0.06388860940933228,4.528903484344482,2998.138427734375,28.70301055908203,11.549076080322266,40.252105712890625,496.8684387207031,0.5582050681114197,0.3152577877044678,0.23013591766357422,0.06418630480766296,0.5647705793380737,1.0,2.1675665378570557,2.1675665378570557,2.1675665378570557,0.0
25.63532066345215,46.939998626708984,1000.0,74.0,0.9564953446388245,0.0002663607010617852,10.0,1.0007987022399902,1.0007987022399902,1.0007987022399902,0.0005647677462548018,0.0,0.6360487937927246,1500000.0,-0.023228123784065247,-0.001290326938033104,-8.487701208537146e-09,0.034452784806489944,0.0005197376012802124,2.7730469703674316,1.0492007732391357,0.14985573291778564,4.651849746704102,3037.601806640625,27.801624298095703,11.64079475402832,39.44245529174805,507.0678405761719,0.5711537599563599,0.3173240125179291,0.19845688343048096,0.06130894273519516,0.5555843114852905,1.0,2.186448574066162,2.186448574066162,2.186448574066162,0.0
26.304048538208008,47.040000915527344,1000.0,75.0,0.9525114893913269,0.00027925794711336493,10.0,1.0006576776504517,1.0006576776504517,1.0006576776504517,0.0004651326162274927,0.0,0.6333202719688416,1520000.0,-0.022881070151925087,0.0003470536321401596,-7.152557435219364e-10,0.03625232353806496,0.0017995387315750122,2.787882089614868,0.9405000805854797,-0.108700692653656,4.646951675415039,3077.455810546875,27.107887268066406,12.725707054138184,39.833614349365234,502.0885314941406,0.5419523119926453,0.317519873380661,0.19597016274929047,0.06809382885694504,0.5858815908432007,1.0,2.2060134410858154,2.2060134410858154,2.2060134410858154,0.0
27.363323211669922,48.97999954223633,1000.0,76.0,0.9465768337249756,0.0002300263731740415,10.0,1.000585675239563,1.000585675239563,1.000585675239563,0.0004141629906371236,0.0,0.6299957036972046,1540000.0,-0.021761467680335045,0.0011196024715900421,4.291534239087014e-09,0.03378836438059807,-0.0024639591574668884,2.802532196044922,0.8996780514717102,-0.04082202911376953,4.704432964324951,3117.439453125,28.16169548034668,11.798466682434082,39.96017837524414,500.4982604980469,0.5938192009925842,0.3427427113056183,0.1478695273399353,0.05671807378530502,0.5771835446357727,1.0,2.2264106273651123,2.2264106273651123,2.2264106273651123,0.0
27.578031539916992,47.08000183105469,1000.0,77.0,0.9510671496391296,0.00024110999947879463,10.0,1.0008217096328735,1.0008217096328735,1.0008217096328735,0.0005810645525343716,0.0,0.6331537365913391,1560000.0,-0.024041473865509033,-0.0022800061851739883,2.38418573772492e-09,0.03564918786287308,0.0018608234822750092,2.7857248783111572,1.0761449337005615,0.17646688222885132,4.776508808135986,3159.13720703125,29.116653442382812,12.560426712036133,41.67709732055664,479.8798828125,0.5377428531646729,0.33195874094963074,0.18444080650806427,0.06916407495737076,0.6173187494277954,1.0,2.2473602294921875,2.2473602294921875,2.2473602294921875,0.0
26.214000701904297,41.060001373291016,1000.0,78.0,0.9530985951423645,0.0002713037538342178,10.0,0.9986486434936523,0.9986486434936523,0.9986486434936523,0.0009555252618156374,0.0,0.6349086165428162,1580000.0,-0.020786693319678307,0.0032547805458307266,-4.243850604268573e-09,0.03307328373193741,-0.002575904130935669,2.6545684337615967,0.8297516703605652,-0.24639326333999634,4.9243621826171875,3199.5634765625,28.66196060180664,11.743987083435059,40.405967712402344,494.97637939453125,0.6039283871650696,0.3194371461868286,0.18436075747013092,0.05483514815568924,0.5289320945739746,1.0,2.2681565284729004,2.2681565284729004,2.2681565284729004,0.0
25.79370880126953,41.18000030517578,1000.0,79.0,0.9583861231803894,0.0002534734667278826,10.0,1.000139832496643,1.000139832496643,1.000139832496643,9.89608743111603e-05,0.0,0.6388564705848694,1600000.0,-0.021816149353981018,-0.0010294560343027115,-1.645088176793763e-09,0.03473250940442085,0.0016592256724834442,2.7710437774658203,0.9257035255432129,0.0959518551826477,4.807149410247803,3239.298828125,26.8505802154541,12.863846778869629,39.714447021484375,503.5950927734375,0.5823819637298584,0.32407110929489136,0.17655590176582336,0.05896768718957901,0.5564581155776978,1.0,2.288834571838379,2.288834571838379,2.288834571838379,0.0
24.43136215209961,36.97999954223633,1000.0,80.0,0.9600980877876282,0.0002563410671427846,10.0,1.0002912282943726,1.0002912282943726,1.0002912282943726,0.00020595760724972934,0.0,0.6402095556259155,1620000.0,-0.020660225301980972,0.0011559240520000458,-8.583068700218632e-10,0.037866294384002686,0.003133784979581833,2.5936107635498047,0.7899758219718933,-0.13572770357131958,4.592264652252197,3284.737548828125,33.91252136230469,11.50528335571289,45.417823791503906,440.3557434082031,0.6203131675720215,0.32548263669013977,0.1780240833759308,0.051976606249809265,0.5247069597244263,1.0,2.30894136428833,2.30894136428833,2.30894136428833,0.0
24.524023056030273,41.220001220703125,1000.0,81.0,0.9549766182899475,0.00026334397261962295,10.0,1.000143051147461,1.000143051147461,1.000143051147461,0.00010120866500074044,0.0,0.6362608671188354,1640000.0,-0.023137560114264488,-0.002477334812283516,-1.287460360543946e-09,0.03578523173928261,-0.0020810626447200775,2.6891305446624756,0.8214259147644043,0.031450092792510986,4.9931960105896,3323.080078125,28.293270111083984,10.03273868560791,38.326026916503906,521.838623046875,0.5534335970878601,0.32839876413345337,0.16963201761245728,0.06529785692691803,0.5933842062950134,1.0,2.32901668548584,2.32901668548584,2.32901668548584,0.0
24.497941970825195,47.540000915527344,1000.0,82.0,0.9396273493766785,0.0002866368740797043,10.0,0.9993560910224915,0.9993560910224915,0.9993560910224915,0.0004553264589048922,0.0,0.6258664727210999,1660000.0,-0.022271359339356422,0.0008662007749080658,-1.7166137400437265e-09,0.038019780069589615,0.002234548330307007,2.744586229324341,0.9565216898918152,0.1350957751274109,5.111793518066406,3360.3720703125,26.960481643676758,10.31441879272461,37.27491760253906,536.5538330078125,0.5797328352928162,0.3207552433013916,0.1884605884552002,0.0595078319311142,0.5532811284065247,1.0,2.3497774600982666,2.3497774600982666,2.3497774600982666,0.0
23.984027862548828,47.400001525878906,1000.0,83.0,0.9323522448539734,0.0002545151801314205,10.0,0.9998237490653992,0.9998237490653992,0.9998237490653992,0.00012467039050534368,0.0,0.6210663914680481,1680000.0,-0.023721201345324516,-0.0014498420059680939,-1.9550324026340604e-08,0.037544135004282,-0.0004756450653076172,2.525635242462158,1.0717374086380005,0.1152157187461853,4.7576165199279785,3397.571533203125,27.229219436645508,9.95356559753418,37.18280029296875,537.8831176757812,0.5314190983772278,0.3281806707382202,0.19029995799064636,0.07081995904445648,0.6175552606582642,1.0,2.371147632598877,2.371147632598877,2.371147632598877,0.0
24.865440368652344,50.720001220703125,1000.0,84.0,0.92936772108078,0.000257340376265347,10.0,0.9996523857116699,0.9996523857116699,0.9996523857116699,0.00024582850164733827,0.0,0.619093120098114,1700000.0,-0.024010559543967247,-0.0002893581986427307,2.717971847587819e-09,0.039143260568380356,0.0015991255640983582,2.6727263927459717,1.059662938117981,-0.012074470520019531,5.125943183898926,3434.772705078125,27.065664291381836,10.119034767150879,37.18471908569336,537.8553466796875,0.5212904810905457,0.32367637753486633,0.2064022570848465,0.07359874248504639,0.6209136247634888,1.0,2.3934404850006104,2.3934404850006104,2.3934404850006104,0.0
23.978857040405273,48.2400016784668,1000.0,85.0,0.9258840084075928,0.000262807501712814,10.0,1.0006170272827148,1.0006170272827148,1.0006170272827148,0.00043630419531837106,0.0,0.6166467070579529,1720000.0,-0.02608933486044407,-0.002078775316476822,1.239776614703203e-09,0.037017300724983215,-0.0021259598433971405,2.524850606918335,1.0161359310150146,-0.04352700710296631,5.064206600189209,3474.264892578125,28.530946731567383,10.943157196044922,39.474124908447266,506.6610412597656,0.48788782954216003,0.32404825091362,0.21508793532848358,0.08402141183614731,0.6641860008239746,1.0,2.4162955284118652,2.4162955284118652,2.4162955284118652,0.0
25.8884334564209,43.779998779296875,1000.0,86.0,0.9313190579414368,0.0002687529777176678,10.0,0.9992979168891907,0.9992979168891907,0.9992979168891907,0.0004964617546647787,0.0,0.6193053722381592,1740000.0,-0.02317897044122219,0.002910364419221878,-1.0871887390351276e-08,0.03788171708583832,0.0008644163608551025,2.701387643814087,0.8767156600952148,-0.1394202709197998,5.248963356018066,3514.16015625,29.240774154663086,10.636354446411133,39.87714385986328,501.5404052734375,0.561206042766571,0.3177748918533325,0.1978297233581543,0.06350169330835342,0.5662357211112976,1.0,2.439164638519287,2.439164638519287,2.439164638519287,0.0
24.942340850830078,36.599998474121094,1000.0,87.0,0.929705798625946,0.000296038284432143,10.0,1.000131607055664,1.000131607055664,1.000131607055664,9.306024003308266e-05,0.0,0.6179008483886719,1760000.0,-0.01869446597993374,0.004484504461288452,-6.151199549719877e-09,0.04306863993406296,0.00518692284822464,2.599526882171631,0.6914384365081787,-0.18527722358703613,4.7934184074401855,3553.452392578125,28.54800796508789,10.725820541381836,39.27384948730469,509.24468994140625,0.7098076343536377,0.30965980887413025,0.17815165221691132,0.039696160703897476,0.43625879287719727,1.0,2.4612321853637695,2.4612321853637695,2.4612321853637695,0.0
25.42190170288086,35.779998779296875,1000.0,88.0,0.9250750541687012,0.00024973921244964004,10.0,0.9995072484016418,0.9995072484016418,0.9995072484016418,0.0003483858599793166,0.0,0.6150402426719666,1780000.0,-0.020187683403491974,-0.0014932174235582352,-4.76837147544984e-09,0.03626876696944237,-0.00679987296462059,2.570777416229248,0.7791324257850647,0.08769398927688599,4.816392421722412,3589.5458984375,26.65592384338379,9.420437812805176,36.076377868652344,554.37939453125,0.6347893476486206,0.32992279529571533,0.16509948670864105,0.049633003771305084,0.5197358727455139,1.0,2.482485055923462,2.482485055923462,2.482485055923462,0.0
24.733261108398438,30.440000534057617,1000.0,89.0,0.9204692840576172,0.0002775917819235474,10.0,0.999378502368927,0.999378502368927,0.999378502368927,0.00043945113429799676,0.0,0.611930251121521,1800000.0,-0.0222642719745636,-0.0020765885710716248,-3.910064716450279e-09,0.04371504485607147,0.007446277886629105,2.579676628112793,0.6937565207481384,-0.08537590503692627,4.398888111114502,3627.914306640625,28.708541870117188,9.642019271850586,38.35057830810547,521.5045166015625,0.5697389245033264,0.31737786531448364,0.19213712215423584,0.061613816767930984,0.5570584535598755,1.0,2.502375602722168,2.502375602722168,2.502375602722168,0.0
23.889650344848633,33.7400016784668,1000.0,90.0,0.9134306907653809,0.0002781645453069359,10.0,1.0008341073989868,1.0008341073989868,1.0008341073989868,0.0005898873205296695,0.0,0.607090175151825,1820000.0,-0.02229069359600544,-2.6421621441841125e-05,-7.724762163263676e-09,0.041835084557533264,-0.001879960298538208,2.4514222145080566,0.7820725440979004,0.08831602334976196,4.407882213592529,3666.90576171875,27.365434646606445,11.605518341064453,38.970970153808594,513.2025756835938,0.5371420979499817,0.3133300244808197,0.21342363953590393,0.06931889057159424,0.5833280086517334,1.0,2.5214290618896484,2.5214290618896484,2.5214290618896484,0.0
23.244773864746094,37.68000030517578,1000.0,91.0,0.9116275906562805,0.0002442146360408515,10.0,1.000365138053894,1.000365138053894,1.000365138053894,0.00025816349079832435,0.0,0.6055813431739807,1840000.0,-0.024641379714012146,-0.0023506861180067062,3.2424927187690855e-09,0.041346460580825806,-0.0004886239767074585,2.5075976848602295,0.8497421145439148,0.0676695704460144,4.2583394050598145,3706.069091796875,28.338638305664062,10.809890747070312,39.1485481262207,510.8746643066406,0.48294371366500854,0.33043473958969116,0.2291816920042038,0.08575055003166199,0.6842096447944641,1.0,2.5401980876922607,2.5401980876922607,2.5401980876922607,0.0
22.52227020263672,39.02000045776367,1000.0,92.0,0.9099113941192627,0.00023341039195656776,10.0,1.00054931640625,1.00054931640625,1.00054931640625,0.00038842533831484616,0.0,0.6044374108314514,1860000.0,-0.020845549181103706,0.0037958305329084396,4.00543198608716e-09,0.0450730063021183,0.0037265457212924957,2.3793160915374756,0.8354523777961731,-0.0142897367477417,4.247831344604492,3744.0087890625,27.901018142700195,10.021666526794434,37.92271423339844,527.388427734375,0.6171303987503052,0.34005582332611084,0.17460471391677856,0.052514106035232544,0.5510274767875671,1.0,2.5588748455047607,2.5588748455047607,2.5588748455047607,0.0
21.34455108642578,35.81999969482422,1000.0,93.0,0.9058582782745361,0.0002402904792688787,10.0,0.9989538192749023,0.9989538192749023,0.9989538192749023,0.000739789567887783,0.0,0.6022723317146301,1880000.0,-0.01750883087515831,0.0033367183059453964,-6.866454960174906e-09,0.04665638506412506,0.0015833787620067596,2.268908977508545,0.6394763588905334,-0.19597601890563965,3.874878406524658,3781.817138671875,26.463308334350586,11.327231407165527,37.790557861328125,529.2327270507812,0.6036888957023621,0.3323982357978821,0.1621810495853424,0.05487866699695587,0.5506117343902588,1.0,2.577092409133911,2.577092409133911,2.577092409133911,0.0
22.332983016967773,38.599998474121094,1000.0,94.0,0.9049186706542969,0.00029605909367091954,10.0,0.9990031123161316,0.9990031123161316,0.9990031123161316,0.0007049482082948089,0.0,0.6021906733512878,1900000.0,-0.02739536762237549,-0.009886536747217178,-6.961822673900997e-09,0.0462133064866066,-0.00044307857751846313,2.5545411109924316,0.8261584043502808,0.18668204545974731,4.177220344543457,3819.604736328125,26.687349319458008,11.080491065979004,37.767860412597656,529.55078125,0.44150179624557495,0.30384737253189087,0.3112674057483673,0.10260418057441711,0.6882134079933167,1.0,2.5952341556549072,2.5952341556549072,2.5952341556549072,0.0
23.91584014892578,39.2599983215332,1000.0,95.0,0.9027228355407715,0.0002590495569165796,10.0,1.0006107091903687,1.0006107091903687,1.0006107091903687,0.0004318646970205009,0.0,0.6012702584266663,1920000.0,-0.02272736467421055,0.00466800294816494,9.298324332718266e-10,0.045510292053222656,-0.0007030144333839417,2.5956974029541016,0.8753381967544556,0.049179792404174805,4.26685094833374,3858.595458984375,28.498611450195312,10.473938941955566,38.97256851196289,513.1815185546875,0.5502649545669556,0.3291483521461487,0.2010585367679596,0.06605204194784164,0.5981634855270386,1.0,2.6133930683135986,2.6133930683135986,2.6133930683135986,0.0
25.539560317993164,41.63999938964844,1000.0,96.0,0.9020631313323975,0.00026308686938136816,10.0,0.9997394680976868,0.9997394680976868,0.9997394680976868,0.00018423791334498674,0.0,0.6010027527809143,1940000.0,-0.022473350167274475,0.0002540145069360733,-5.149841442175784e-09,0.04342653229832649,-0.002083759754896164,2.574131488800049,0.874138355255127,-0.0011998414993286133,3.9707815647125244,3896.85498046875,27.027753829956055,11.214920043945312,38.242698669433594,522.9757080078125,0.5605283379554749,0.330064058303833,0.18517710268497467,0.06365533173084259,0.5888446569442749,1.0,2.6318602561950684,2.6318602561950684,2.6318602561950684,0.0
24.502683639526367,31.299999237060547,1000.0,97.0,0.9004738926887512,0.00027348726871423423,10.0,0.9989673495292664,0.9989673495292664,0.9989673495292664,0.0007302081794477999,0.0,0.5994986891746521,1960000.0,-0.021192768588662148,0.0012805815786123276,5.531310964812519e-09,0.04097781702876091,-0.0024487152695655823,2.520625114440918,0.6807460188865662,-0.1933923363685608,3.7509143352508545,3936.663818359375,28.34640121459961,11.445335388183594,39.79175567626953,502.61669921875,0.5767250061035156,0.3181155025959015,0.19759947061538696,0.06013016030192375,0.5515896677970886,1.0,2.6493520736694336,2.6493520736694336,2.6493520736694336,0.0
23.770801544189453,23.239999771118164,1000.0,98.0,0.8988892436027527,0.00024547858629375696,10.0,0.9997577667236328,0.9997577667236328,0.9997577667236328,0.0001712847879389301,0.0,0.5979192852973938,1980000.0,-0.016002360731363297,0.005190407857298851,-4.76837147544984e-09,0.04550547152757645,0.0045276544988155365,2.4085137844085693,0.5645248889923096,-0.11622112989425659,3.458773374557495,3972.8046875,26.4190673828125,9.704316139221191,36.1234016418457,553.65771484375,0.7950021028518677,0.33445289731025696,0.12771952152252197,0.03164414316415787,0.4206942617893219,1.0,2.6649577617645264,2.6649577617645264,2.6649577617645264,0.0
22.323471069335938,20.860000610351562,1000.0,99.0,0.8938353657722473,0.0002503912546671927,10.0,1.000106930732727,1.000106930732727,1.000106930732727,7.563955296063796e-05,0.0,0.5947183966636658,2000000.0,-0.01694583147764206,-0.0009434707462787628,-4.243850604268573e-09,0.04768885672092438,0.002183385193347931,2.33378267288208,0.5601399540901184,-0.004384934902191162,3.310328483581543,4007.934814453125,25.378145217895508,9.735581398010254,35.113746643066406,569.5775146484375,0.7095044851303101,0.32887670397758484,0.1892126202583313,0.039730098098516464,0.463530033826828,1.0,2.678553342819214,2.678553342819214,2.678553342819214,0.0
