Metrics/EpRet,Metrics/EpCost,Metrics/EpLen,Train/Epoch,Train/Entropy,Train/KL,Train/StopIter,Train/PolicyRatio,Train/PolicyRatio/Min,Train/PolicyRatio/Max,Train/PolicyRatio/Std,Train/LR,Train/PolicyStd,TotalEnvSteps,Loss/Loss_pi,Loss/Loss_pi/Delta,Value/Adv,Loss/Loss_reward_critic,Loss/Loss_reward_critic/Delta,Value/reward,Time/Total,Time/Rollout,Time/Update,Time/Epoch,Time/FPS
-1.8384301662445068,75.3125,1000.0,0.0,1.4003299474716187,0.017033295705914497,40.0,1.0016307830810547,1.0016307830810547,1.0016307830810547,0.018654584884643555,0.0002969999914057553,0.9815752506256104,20000.0,-0.01754610985517502,-0.01754610985517502,0.09114692360162735,0.00506519665941596,0.00506519665941596,-0.01407777238637209,111.73681640625,30.662124633789062,81.0730972290039,111.73625946044922,178.99293518066406
-1.0947016477584839,90.53125,1000.0,1.0,1.3730700016021729,0.022800305858254433,19.0,0.9993557929992676,0.9993557929992676,0.9993557929992676,0.02202131599187851,0.00029399999766610563,0.9551864862442017,40000.0,-0.020844830200076103,-0.003298720344901085,-0.0604386031627655,0.003831213340163231,-0.0012339833192527294,-0.04275733232498169,176.3813018798828,27.116165161132812,37.47877502441406,64.59513854980469,309.6208190917969
-0.2675338685512543,95.4375,1000.0,2.0,1.3506027460098267,0.02041638270020485,19.0,0.9995328187942505,0.9995328187942505,0.9995328187942505,0.021303659304976463,0.000291000003926456,0.9339735507965088,60000.0,-0.018401270732283592,0.002443559467792511,-0.17670182883739471,0.005884623620659113,0.002053410280495882,0.019886251538991928,248.02069091796875,25.306936264038086,46.30778121948242,71.6150131225586,279.27105712890625
1.0485073328018188,116.16000366210938,1000.0,3.0,1.3283665180206299,0.020271947607398033,10.0,0.9985663294792175,0.9985663294792175,0.9985663294792175,0.02200624719262123,0.0002880000101868063,0.9134268164634705,80000.0,-0.016276899725198746,0.0021243710070848465,-0.16942977905273438,0.006107463035732508,0.00022283941507339478,0.018498096615076065,300.2712707519531,25.469104766845703,26.756772994995117,52.22597122192383,382.95123291015625
2.586129665374756,110.69999694824219,1000.0,4.0,1.2973339557647705,0.023013873025774956,15.0,0.9987585544586182,0.9987585544586182,0.9987585544586182,0.02176005393266678,0.0002849999873433262,0.8855328559875488,100000.0,-0.018727393820881844,-0.002450494095683098,-0.2491288185119629,0.00956057757139206,0.0034531145356595516,0.11413724720478058,366.69500732421875,24.99136734008789,41.408294677734375,66.39974975585938,301.2059326171875
4.0547590255737305,109.16000366210938,1000.0,5.0,1.2701505422592163,0.02022412046790123,18.0,0.9979520440101624,0.9979520440101624,0.9979520440101624,0.02158540114760399,0.00028199999360367656,0.8617764711380005,120000.0,-0.02125754952430725,-0.0025301557034254074,0.1204100176692009,0.009511924348771572,-4.865322262048721e-05,0.17392286658287048,429.4630126953125,24.915691375732422,37.82273864746094,62.73861312866211,318.782958984375
5.989652156829834,87.81999969482422,1000.0,6.0,1.2346858978271484,0.021665425971150398,15.0,0.9995955228805542,0.9995955228805542,0.9995955228805542,0.02176833152770996,0.0002789999998640269,0.8317611813545227,140000.0,-0.022826820611953735,-0.0015692710876464844,-0.29539501667022705,0.010652564465999603,0.0011406401172280312,0.30361905694007874,484.66973876953125,24.63294792175293,30.550853729248047,55.18388366699219,362.4246520996094
7.65603494644165,91.0999984741211,1000.0,7.0,1.1964370012283325,0.02382315695285797,14.0,0.9980663657188416,0.9980663657188416,0.9980663657188416,0.0218412633985281,0.00027600000612437725,0.8005385398864746,160000.0,-0.02198578417301178,0.0008410364389419556,0.057048775255680084,0.01023135706782341,-0.00042120739817619324,0.3858914375305176,539.487548828125,26.231821060180664,28.56267547607422,54.7945556640625,364.9997863769531
9.523538589477539,86.0199966430664,1000.0,8.0,1.1552947759628296,0.023308750241994858,13.0,0.9993653297424316,0.9993653297424316,0.9993653297424316,0.02135288156569004,0.0002730000123847276,0.7682837247848511,180000.0,-0.020434968173503876,0.001550815999507904,-0.15929345786571503,0.012625759467482567,0.002394402399659157,0.48266395926475525,592.2355346679688,25.211498260498047,27.515676498413086,52.72726821899414,379.3103942871094
11.220468521118164,86.04000091552734,1000.0,9.0,1.118068814277649,0.02246302179992199,10.0,0.9981379508972168,0.9981379508972168,0.9981379508972168,0.021512366831302643,0.0002699999895412475,0.7402205467224121,200000.0,-0.020015409216284752,0.00041955895721912384,0.04276353493332863,0.014248145744204521,0.0016223862767219543,0.5702658295631409,638.1453247070312,26.00276756286621,19.886592864990234,45.88943862915039,435.83013916015625
12.8451566696167,88.0999984741211,1000.0,10.0,1.076014518737793,0.020249294117093086,9.0,0.9982929229736328,0.9982929229736328,0.9982929229736328,0.021386679261922836,0.00026699999580159783,0.7097453474998474,220000.0,-0.019275154918432236,0.0007402542978525162,0.03861371800303459,0.017168017104268074,0.002919871360063553,0.6928618550300598,680.707763671875,24.960172653198242,17.58368492126465,42.5439567565918,470.10205078125
14.128815650939941,76.26000213623047,1000.0,11.0,1.0429142713546753,0.02303721383213997,10.0,0.9982826113700867,0.9982826113700867,0.9982826113700867,0.021144114434719086,0.0002640000020619482,0.6866220831871033,240000.0,-0.02016584202647209,-0.000890687108039856,0.0570870041847229,0.01657215692102909,-0.0005958601832389832,0.7980200052261353,727.0425415039062,26.214975357055664,20.096418380737305,46.31147384643555,431.85845947265625
15.519198417663574,65.37999725341797,1000.0,12.0,1.0125939846038818,0.020093582570552826,9.0,0.9983325004577637,0.9983325004577637,0.9983325004577637,0.021051907911896706,0.0002610000083222985,0.6661420464515686,260000.0,-0.017897456884384155,0.0022683851420879364,0.027297737076878548,0.017172478139400482,0.0006003212183713913,0.9196357131004333,771.24169921875,25.123117446899414,19.05719757080078,44.18037796020508,452.6896667480469
17.003604888916016,64.66000366210938,1000.0,13.0,0.9744133949279785,0.021652663126587868,7.0,0.9993391036987305,0.9993391036987305,0.9993391036987305,0.019366012886166573,0.0002579999854788184,0.6411961317062378,280000.0,-0.01409891527146101,0.0037985416129231453,-0.06062263250350952,0.022244641557335854,0.005072163417935371,1.0694247484207153,811.3550415039062,24.973188400268555,15.12162971496582,40.094905853271484,498.81646728515625
18.967496871948242,58.15999984741211,1000.0,14.0,0.9354014992713928,0.020857106894254684,6.0,0.9989055395126343,0.9989055395126343,0.9989055395126343,0.01978885754942894,0.00025499999173916876,0.6166595220565796,300000.0,-0.014784607104957104,-0.0006856918334960938,-0.02310815639793873,0.021897658705711365,-0.00034698285162448883,1.1999455690383911,848.7798461914062,24.770587921142578,12.637819290161133,37.40846633911133,534.6383666992188
20.051536560058594,65.05999755859375,1000.0,15.0,0.8931491374969482,0.020110076293349266,11.0,0.9993547201156616,0.9993547201156616,0.9993547201156616,0.02106497436761856,0.0002519999979995191,0.5911558270454407,320000.0,-0.01996004767715931,-0.005175440572202206,-0.13964571058750153,0.019922133535146713,-0.0019755251705646515,1.285468339920044,895.7996215820312,24.964914321899414,22.035966873168945,47.00094985961914,425.5233459472656
21.031837463378906,77.91999816894531,1000.0,16.0,0.8601669073104858,0.02079799771308899,11.0,0.9977091550827026,0.9977091550827026,0.9977091550827026,0.020825114101171494,0.00024900000425986946,0.5719701051712036,340000.0,-0.019304057583212852,0.0006559900939464569,-0.1938200742006302,0.020796719938516617,0.0008745864033699036,1.418243408203125,943.3438110351562,25.563735961914062,21.96026611328125,47.524192810058594,420.8382873535156
21.812847137451172,71.63999938964844,1000.0,17.0,0.8270060420036316,0.021568311378359795,9.0,1.0002634525299072,1.0002634525299072,1.0002634525299072,0.02032889425754547,0.0002460000105202198,0.5533328056335449,360000.0,-0.017653657123446465,0.001650400459766388,0.0686710774898529,0.02321024239063263,0.0024135224521160126,1.5510607957839966,987.9832153320312,26.554231643676758,18.065011978149414,44.61935043334961,448.23602294921875
22.631620407104492,65.58000183105469,1000.0,18.0,0.798151969909668,0.020754896104335785,14.0,0.997626543045044,0.997626543045044,0.997626543045044,0.020670883357524872,0.00024300000222865492,0.5376140475273132,380000.0,-0.02231740765273571,-0.004663750529289246,0.005461700260639191,0.021327322348952293,-0.001882920041680336,1.6249027252197266,1041.7081298828125,25.388412475585938,28.318269729614258,53.70693588256836,372.3913879394531
22.895055770874023,67.13999938964844,1000.0,19.0,0.7695569396018982,0.021881813183426857,11.0,0.9978820085525513,0.9978820085525513,0.9978820085525513,0.0218209158629179,0.00023999999393709004,0.522422194480896,400000.0,-0.021376723423600197,0.0009406842291355133,-0.02765394002199173,0.023198243230581284,0.0018709208816289902,1.7233425378799438,1090.288330078125,25.165803909301758,23.390886306762695,48.55690383911133,411.88787841796875
23.512178421020508,60.779998779296875,1000.0,20.0,0.7385313510894775,0.02026016265153885,9.0,0.9966951608657837,0.9966951608657837,0.9966951608657837,0.0206654854118824,0.00023700000019744039,0.5064827799797058,420000.0,-0.018522601574659348,0.0028541218489408493,0.20114490389823914,0.026232441887259483,0.0030341986566781998,1.8890984058380127,1133.6051025390625,25.772661209106445,17.523849487304688,43.29730987548828,461.9225158691406
24.333349227905273,66.13999938964844,1000.0,21.0,0.7153242230415344,0.020130803808569908,10.0,0.9972636103630066,0.9972636103630066,0.9972636103630066,0.02057851478457451,0.00023400000645779073,0.49487733840942383,440000.0,-0.018693499267101288,-0.0001708976924419403,0.03972639888525009,0.0266253724694252,0.0003929305821657181,1.9755939245224,1183.238525390625,26.475526809692383,23.136030197143555,49.61161422729492,403.13140869140625
25.574451446533203,50.7599983215332,1000.0,22.0,0.6950170993804932,0.02076912671327591,10.0,0.9978415966033936,0.9978415966033936,0.9978415966033936,0.020351996645331383,0.00023099999816622585,0.4850086271762848,460000.0,-0.019297543913125992,-0.000604044646024704,0.07654735445976257,0.028993602842092514,0.0023682303726673126,2.0769877433776855,1228.3583984375,24.988954544067383,20.111663818359375,45.10089874267578,443.4501647949219
26.069080352783203,62.779998779296875,1000.0,23.0,0.6750003099441528,0.020137812942266464,10.0,0.998630702495575,0.998630702495575,0.998630702495575,0.020739847794175148,0.0002280000044265762,0.4754050076007843,480000.0,-0.017894987016916275,0.0014025568962097168,-0.13952338695526123,0.02448458969593048,-0.004509013146162033,2.126237392425537,1274.9998779296875,25.142478942871094,21.4796085357666,46.62228775024414,428.9794006347656
26.342798233032227,70.5199966430664,1000.0,24.0,0.6472160816192627,0.021489376202225685,9.0,0.9975142478942871,0.9975142478942871,0.9975142478942871,0.02127910777926445,0.00022499999613501132,0.4623560607433319,500000.0,-0.017326675355434418,0.0005683116614818573,0.048860251903533936,0.02776438184082508,0.0032797921448946,2.2398080825805664,1318.031982421875,25.165639877319336,17.84413719177246,43.009910583496094,465.0091247558594
26.810800552368164,68.91999816894531,1000.0,25.0,0.6279955506324768,0.020709723234176636,11.0,0.9985894560813904,0.9985894560813904,0.9985894560813904,0.021159956231713295,0.00022200000239536166,0.45357513427734375,520000.0,-0.019452039152383804,-0.0021253637969493866,0.06037852168083191,0.02924254722893238,0.0014781653881072998,2.3198070526123047,1366.21142578125,26.5782413482666,21.580339431762695,48.15873336791992,415.2933044433594
27.122173309326172,67.69999694824219,1000.0,26.0,0.6140058636665344,0.02153007872402668,11.0,0.9981807470321655,0.9981807470321655,0.9981807470321655,0.02175513468682766,0.00021899999410379678,0.44726064801216125,540000.0,-0.02120056003332138,-0.0017485208809375763,-0.03150325268507004,0.030083568766713142,0.0008410215377807617,2.3935627937316895,1415.2962646484375,25.6151180267334,23.45048713684082,49.0657844543457,407.61602783203125
27.739063262939453,61.459999084472656,1000.0,27.0,0.596425473690033,0.0216294564306736,10.0,0.9978649020195007,0.9978649020195007,0.9978649020195007,0.021228164434432983,0.00021600000036414713,0.4394666254520416,560000.0,-0.019369902089238167,0.0018306579440832138,0.20678095519542694,0.030178584158420563,9.501539170742035e-05,2.4549026489257812,1461.334228515625,25.270015716552734,20.747844696044922,46.01829147338867,434.60980224609375
27.695955276489258,61.880001068115234,1000.0,28.0,0.576984167098999,0.02052571065723896,9.0,0.9989475011825562,0.9989475011825562,0.9989475011825562,0.020352469757199287,0.00021300000662449747,0.4309854209423065,580000.0,-0.017356760799884796,0.0020131412893533707,-0.05633648484945297,0.02966300956904888,-0.0005155745893716812,2.494797706604004,1506.368896484375,25.41146469116211,19.604543685913086,45.016178131103516,444.28472900390625
27.806325912475586,63.779998779296875,1000.0,29.0,0.5606746077537537,0.021266166120767593,9.0,0.9978443384170532,0.9978443384170532,0.9978443384170532,0.020830070599913597,0.0002099999983329326,0.42400041222572327,600000.0,-0.01862368732690811,-0.0012669265270233154,-0.15110249817371368,0.028207123279571533,-0.0014558862894773483,2.573364734649658,1550.86279296875,25.094402313232422,19.3803653717041,44.475704193115234,449.6837463378906
27.71133804321289,67.76000213623047,1000.0,30.0,0.5372679829597473,0.022582314908504486,11.0,0.9989306926727295,0.9989306926727295,0.9989306926727295,0.020779583603143692,0.00020700000459328294,0.4142260253429413,620000.0,-0.020302195101976395,-0.001678507775068283,-0.01720563694834709,0.02788085862994194,-0.0003262646496295929,2.56079363822937,1598.7882080078125,24.528348922729492,23.378170013427734,47.90666961669922,417.4784240722656
28.033620834350586,71.30000305175781,1000.0,31.0,0.5238993167877197,0.020645424723625183,9.0,0.9979174137115479,0.9979174137115479,0.9979174137115479,0.020638203248381615,0.00020399999630171806,0.40877529978752136,640000.0,-0.018739717081189156,0.001562478020787239,-0.045064203441143036,0.02982279099524021,0.0019419323652982712,2.615072011947632,1643.01806640625,24.82811164855957,19.380849838256836,44.209075927734375,452.39581298828125
28.42406463623047,71.94000244140625,1000.0,32.0,0.5001687407493591,0.022095587104558945,10.0,0.9966108798980713,0.9966108798980713,0.9966108798980713,0.021625131368637085,0.0002010000025620684,0.399203896522522,660000.0,-0.02007189206779003,-0.0013321749866008759,0.017232418060302734,0.02745826356112957,-0.0023645274341106415,2.637343645095825,1687.97265625,24.259885787963867,20.675983428955078,44.93596267700195,445.07781982421875
29.174482345581055,57.29999923706055,1000.0,33.0,0.48729410767555237,0.02174626663327217,10.0,0.995121419429779,0.995121419429779,0.995121419429779,0.021644998341798782,0.00019799999427050352,0.39406558871269226,680000.0,-0.02128201350569725,-0.001210121437907219,0.14417004585266113,0.03068041242659092,0.0032221488654613495,2.722435474395752,1734.39453125,26.543170928955078,19.860458374023438,46.403709411621094,431.00006103515625
29.257732391357422,54.97999954223633,1000.0,34.0,0.46686697006225586,0.020907152444124222,8.0,0.9979518055915833,0.9979518055915833,0.9979518055915833,0.020287053659558296,0.00019500000053085387,0.3861244022846222,700000.0,-0.016489209607243538,0.0047928038984537125,0.06816869974136353,0.030974354594945908,0.0002939421683549881,2.7223308086395264,1776.2049560546875,25.557146072387695,16.235076904296875,41.792293548583984,478.5571594238281
29.428098678588867,60.040000915527344,1000.0,35.0,0.4468381404876709,0.020699921995401382,9.0,0.9991969466209412,0.9991969466209412,0.9991969466209412,0.020857499912381172,0.00019200000679120421,0.37847188115119934,720000.0,-0.018964311107993126,-0.002475101500749588,0.05925001576542854,0.030205952003598213,-0.0007684025913476944,2.752870798110962,1820.5535888671875,26.492080688476562,17.836490631103516,44.32864761352539,451.1755065917969
29.431631088256836,61.439998626708984,1000.0,36.0,0.4293982684612274,0.02059357613325119,10.0,0.9961883425712585,0.9961883425712585,0.9961883425712585,0.021414082497358322,0.00018899999849963933,0.37194427847862244,740000.0,-0.01970750465989113,-0.0007431935518980026,-0.2108301818370819,0.031403712928295135,0.0011977609246969223,2.787308692932129,1867.6922607421875,26.09201431274414,21.028409957885742,47.12050247192383,424.4436950683594
29.50531578063965,65.5199966430664,1000.0,37.0,0.4144342541694641,0.021567031741142273,9.0,0.9963987469673157,0.9963987469673157,0.9963987469673157,0.021261924877762794,0.00018600000475998968,0.3663958013057709,760000.0,-0.018511516973376274,0.0011959876865148544,0.16326527297496796,0.0308600552380085,-0.0005436576902866364,2.84344482421875,1910.021240234375,24.789207458496094,17.51307487487793,42.302364349365234,472.7868347167969
29.77172088623047,56.97999954223633,1000.0,38.0,0.39501065015792847,0.020014628767967224,8.0,0.9987073540687561,0.9987073540687561,0.9987073540687561,0.021239297464489937,0.0001829999964684248,0.359329491853714,780000.0,-0.018812159076333046,-0.00030064210295677185,-0.04624324291944504,0.031082766130566597,0.00022271089255809784,2.8439877033233643,1952.7545166015625,25.916400909423828,16.798965454101562,42.7154655456543,468.2145080566406
29.78569793701172,55.880001068115234,1000.0,39.0,0.37900209426879883,0.020532267168164253,8.0,0.9971304535865784,0.9971304535865784,0.9971304535865784,0.020598627626895905,0.00018000000272877514,0.3535909950733185,800000.0,-0.017709003761410713,0.0011031553149223328,-0.14072246849536896,0.034021515399217606,0.0029387492686510086,2.8385396003723145,1993.1705322265625,24.68195343017578,15.71536922454834,40.397396087646484,495.0814514160156
29.88089370727539,60.86000061035156,1000.0,40.0,0.3652195632457733,0.02113513834774494,9.0,0.9970139861106873,0.9970139861106873,0.9970139861106873,0.02109258435666561,0.00017699999443721026,0.3486950695514679,820000.0,-0.01880854181945324,-0.0010995380580425262,0.010895228013396263,0.03177644684910774,-0.0022450685501098633,2.888030529022217,2038.059326171875,26.9480037689209,17.921539306640625,44.869625091552734,445.73583984375
30.140148162841797,59.119998931884766,1000.0,41.0,0.35076895356178284,0.02046423964202404,10.0,0.9991183876991272,0.9991183876991272,0.9991183876991272,0.021169420331716537,0.0001740000006975606,0.3436647355556488,840000.0,-0.0205442663282156,-0.0017357245087623596,0.12225900590419769,0.031090494245290756,-0.0006859526038169861,2.888474941253662,2085.62548828125,25.464210510253906,22.08106231689453,47.54533386230469,420.65118408203125
29.680870056152344,68.58000183105469,1000.0,42.0,0.3374498784542084,0.020908471196889877,8.0,0.9969661831855774,0.9969661831855774,0.9969661831855774,0.02091740444302559,0.00017100000695791095,0.3391285240650177,860000.0,-0.017499376088380814,0.0030448902398347855,-0.06321562826633453,0.028841378167271614,-0.002249116078019142,2.8935799598693848,2126.268310546875,24.95230484008789,15.67119026184082,40.62357711791992,492.324951171875
29.403759002685547,64.87999725341797,1000.0,43.0,0.32324498891830444,0.023786528035998344,10.0,0.9970921277999878,0.9970921277999878,0.9970921277999878,0.021599721163511276,0.00016799999866634607,0.3343343138694763,880000.0,-0.021056363359093666,-0.0035569872707128525,-0.1322149932384491,0.029957875609397888,0.0011164974421262741,2.8967344760894775,2173.071044921875,25.017181396484375,21.768388748168945,46.7856330871582,427.481689453125
29.754892349243164,67.12000274658203,1000.0,44.0,0.3116099238395691,0.020262621343135834,10.0,0.9973170161247253,0.9973170161247253,0.9973170161247253,0.021496884524822235,0.00016500000492669642,0.3304794430732727,900000.0,-0.02028697356581688,0.0007693897932767868,-0.2606300413608551,0.030513565987348557,0.0005556903779506683,2.965754747390747,2219.06640625,24.718172073364258,21.256763458251953,45.97503662109375,435.0186767578125
30.405363082885742,65.4000015258789,1000.0,45.0,0.3022201657295227,0.020027639344334602,9.0,0.9963895678520203,0.9963895678520203,0.9963895678520203,0.021377384662628174,0.00016199999663513154,0.32738232612609863,920000.0,-0.01985192857682705,0.00043504498898983,0.1618814319372177,0.030170954763889313,-0.0003426112234592438,2.980135440826416,2261.78271484375,25.05011558532715,17.645225524902344,42.69542694091797,468.43426513671875
30.678905487060547,66.55999755859375,1000.0,46.0,0.2906523048877716,0.020233893766999245,8.0,0.9981339573860168,0.9981339573860168,0.9981339573860168,0.019807614386081696,0.00015900000289548188,0.32359758019447327,940000.0,-0.01820514164865017,0.0016467869281768799,0.12477103620767593,0.031743377447128296,0.0015724226832389832,2.9797496795654297,2303.519775390625,24.65540313720703,17.063493728637695,41.71902847290039,479.3975830078125
29.984830856323242,58.060001373291016,1000.0,47.0,0.27831128239631653,0.02324499376118183,8.0,0.9982807040214539,0.9982807040214539,0.9982807040214539,0.020725145936012268,0.000155999994603917,0.3196271061897278,960000.0,-0.018682923167943954,-0.0004777815192937851,-0.13172219693660736,0.03176720067858696,2.382323145866394e-05,2.963515043258667,2345.659912109375,24.68271255493164,17.440284729003906,42.12306213378906,474.79931640625
29.595691680908203,66.33999633789062,1000.0,48.0,0.2653319239616394,0.020190592855215073,9.0,0.9974671006202698,0.9974671006202698,0.9974671006202698,0.020761197432875633,0.00015300000086426735,0.31550973653793335,980000.0,-0.02029351145029068,-0.0016105882823467255,-0.2007039189338684,0.027746235951781273,-0.004020964726805687,2.9280738830566406,2389.255615234375,24.75824737548828,18.81844711303711,43.576778411865234,458.9600524902344
29.326379776000977,62.900001525878906,1000.0,49.0,0.25255143642425537,0.021259212866425514,10.0,0.9969835877418518,0.9969835877418518,0.9969835877418518,0.020893754437565804,0.0001500000071246177,0.3114979565143585,1000000.0,-0.01953704282641411,0.0007564686238765717,-0.33361467719078064,0.02984539233148098,0.002099156379699707,2.9788970947265625,2435.333251953125,24.585865020751953,21.470306396484375,46.0562629699707,434.2514953613281
29.934608459472656,65.4800033569336,1000.0,50.0,0.24108538031578064,0.020297450944781303,9.0,0.9976511597633362,0.9976511597633362,0.9976511597633362,0.021084867417812347,0.00014699999883305281,0.3079436421394348,1020000.0,-0.019821932539343834,-0.00028488971292972565,-0.020430833101272583,0.02820860780775547,-0.0016367845237255096,2.987276077270508,2480.141357421875,25.675621032714844,19.11452293395996,44.790218353271484,446.52606201171875
30.196115493774414,63.20000076293945,1000.0,51.0,0.2274676412343979,0.021487578749656677,11.0,0.9962966442108154,0.9962966442108154,0.9962966442108154,0.02176753431558609,0.00014400000509340316,0.3037795126438141,1040000.0,-0.021885240450501442,-0.002063307911157608,-0.41222137212753296,0.02810663916170597,-0.00010196864604949951,2.9708056449890137,2526.240966796875,25.156160354614258,20.92618751525879,46.08245849609375,434.004638671875
29.91242218017578,61.220001220703125,1000.0,52.0,0.21098759770393372,0.02243039198219776,8.0,0.9978035092353821,0.9978035092353821,0.9978035092353821,0.020610224455595016,0.00014099999680183828,0.2988157272338867,1060000.0,-0.017629563808441162,0.00425567664206028,0.0722435861825943,0.03027116134762764,0.002164522185921669,2.9568886756896973,2568.79150390625,26.626949310302734,15.905434608459473,42.53246307373047,470.22906494140625
29.804346084594727,64.76000213623047,1000.0,53.0,0.1935310661792755,0.02276017516851425,9.0,0.9990262389183044,0.9990262389183044,0.9990262389183044,0.021122094243764877,0.00013800000306218863,0.2936494052410126,1080000.0,-0.020019816234707832,-0.0023902524262666702,-0.18930350244045258,0.03100842423737049,0.0007372628897428513,2.976703643798828,2613.235107421875,26.425491333007812,18.001523971557617,44.42711639404297,450.1755065917969
30.29241371154785,58.41999816894531,1000.0,54.0,0.18214872479438782,0.021342290565371513,7.0,0.9977807998657227,0.9977807998657227,0.9977807998657227,0.019821176305413246,0.00013499999477062374,0.29032447934150696,1100000.0,-0.014900337904691696,0.005119478330016136,-0.045460838824510574,0.033588774502277374,0.0025803502649068832,2.9977362155914307,2652.686279296875,26.676916122436523,12.756189346313477,39.433170318603516,507.1872253417969
30.496509552001953,70.58000183105469,1000.0,55.0,0.16361019015312195,0.020749911665916443,9.0,0.9976499676704407,0.9976499676704407,0.9976499676704407,0.020538371056318283,0.0001320000010309741,0.284990519285202,1120000.0,-0.01906503550708294,-0.004164697602391243,-0.039164427667856216,0.03172522783279419,-0.0018635466694831848,2.9974586963653564,2697.411376953125,25.101276397705078,19.605297088623047,44.7066650390625,447.3606262207031
31.05917739868164,68.31999969482422,1000.0,56.0,0.15144602954387665,0.020931730046868324,10.0,0.9969383478164673,0.9969383478164673,0.9969383478164673,0.020935317501425743,0.0001289999927394092,0.28154027462005615,1140000.0,-0.020676277577877045,-0.0016112420707941055,-0.18870067596435547,0.02964412420988083,-0.0020811036229133606,3.0291595458984375,2742.608642578125,25.342529296875,19.836206436157227,45.17881774902344,442.68536376953125
30.359865188598633,73.23999786376953,1000.0,57.0,0.13627897202968597,0.022319233044981956,10.0,0.9982351660728455,0.9982351660728455,0.9982351660728455,0.021185480058193207,0.00012599999899975955,0.2773023247718811,1160000.0,-0.022187747061252594,-0.0015114694833755493,0.0050969198346138,0.029804492369294167,0.0001603681594133377,2.9895522594451904,2789.4501953125,26.44877815246582,20.37619972229004,46.825050354003906,427.121826171875
30.667699813842773,68.4000015258789,1000.0,58.0,0.11671514809131622,0.021892666816711426,11.0,0.9956063628196716,0.9956063628196716,0.9956063628196716,0.021617958322167397,0.0001230000052601099,0.27193164825439453,1180000.0,-0.021094011142849922,0.0010937359184026718,-0.012676723301410675,0.030225252732634544,0.0004207603633403778,3.043682336807251,2836.41162109375,24.90627670288086,22.027420043945312,46.933780670166016,426.13232421875
30.548112869262695,67.76000213623047,1000.0,59.0,0.10230542719364166,0.020221030339598656,9.0,0.9970802664756775,0.9970802664756775,0.9970802664756775,0.021339092403650284,0.00011999999696854502,0.2680402994155884,1200000.0,-0.020309867337346077,0.0007841438055038452,-0.01088191568851471,0.031106382608413696,0.0008811298757791519,3.027971029281616,2881.4833984375,26.206825256347656,18.845478057861328,45.05258560180664,443.92572021484375
30.899856567382812,61.560001373291016,1000.0,60.0,0.0920795276761055,0.021495359018445015,11.0,0.997372031211853,0.997372031211853,0.997372031211853,0.021213172003626823,0.00011700000322889537,0.26531049609184265,1220000.0,-0.022889260202646255,-0.0025793928653001785,0.08904120326042175,0.02811211533844471,-0.0029942672699689865,3.053072929382324,2928.594482421875,24.83473014831543,22.25697898864746,47.09270477294922,424.6942443847656
30.752613067626953,58.47999954223633,1000.0,61.0,0.08125390112400055,0.02112611010670662,11.0,0.9967932105064392,0.9967932105064392,0.9967932105064392,0.021198328584432602,0.0001140000022132881,0.2624550461769104,1240000.0,-0.022337548434734344,0.000551711767911911,0.08293144404888153,0.03120063804090023,0.0030885227024555206,3.0516674518585205,2977.7978515625,26.099843978881836,23.083606719970703,49.18358612060547,406.6397399902344
31.329538345336914,57.5,1000.0,62.0,0.07177619636058807,0.02034468948841095,10.0,0.9984898567199707,0.9984898567199707,0.9984898567199707,0.020424040034413338,0.00011100000119768083,0.25997838377952576,1260000.0,-0.021913139149546623,0.00042440928518772125,0.02025485783815384,0.03209803253412247,0.0008973944932222366,3.0839362144470215,3023.0478515625,25.123498916625977,20.10769271850586,45.231441497802734,442.1703186035156
30.945405960083008,57.2400016784668,1000.0,63.0,0.05219095200300217,0.020895017310976982,11.0,0.9986833333969116,0.9986833333969116,0.9986833333969116,0.02063874714076519,0.00010800000018207356,0.2549416422843933,1280000.0,-0.02342011034488678,-0.0015069711953401566,0.12914375960826874,0.02815118432044983,-0.003946848213672638,3.075303554534912,3071.726318359375,26.565093994140625,22.094846725463867,48.660072326660156,411.01458740234375
30.862573623657227,59.400001525878906,1000.0,64.0,0.03527243062853813,0.02179974690079689,11.0,0.9960616230964661,0.9960616230964661,0.9960616230964661,0.02056533843278885,0.0001049999991664663,0.25066131353378296,1300000.0,-0.022833868861198425,0.0005862414836883545,-0.07267776131629944,0.03139055520296097,0.003239370882511139,3.0687992572784424,3119.253662109375,25.214420318603516,22.292274475097656,47.50686264038086,420.9917907714844
29.977088928222656,62.119998931884766,1000.0,65.0,0.023453738540410995,0.02195347659289837,10.0,0.9996901750564575,0.9996901750564575,0.9996901750564575,0.02030329406261444,0.00010199999815085903,0.24771592020988464,1320000.0,-0.02116629108786583,0.0016675777733325958,-0.16324029862880707,0.029012281447649002,-0.002378273755311966,3.0494346618652344,3164.9189453125,26.208770751953125,19.43703269958496,45.64588928222656,438.15557861328125
30.17928695678711,58.2599983215332,1000.0,66.0,0.00926445797085762,0.020902900025248528,10.0,0.9981769919395447,0.9981769919395447,0.9981769919395447,0.020341118797659874,9.899999713525176e-05,0.24422970414161682,1340000.0,-0.021363338455557823,-0.0001970473676919937,0.041820891201496124,0.030233116820454597,0.0012208353728055954,3.069688558578491,3211.790771484375,25.634428024291992,21.21808624267578,46.85260772705078,426.87060546875
30.3969669342041,62.5,1000.0,67.0,-0.007211074698716402,0.022543704137206078,10.0,0.996765673160553,0.996765673160553,0.996765673160553,0.020678773522377014,9.600000339560211e-05,0.2402370274066925,1360000.0,-0.021390564739704132,-2.72262841463089e-05,-0.1956920623779297,0.03212454915046692,0.0018914323300123215,3.0586612224578857,3257.434814453125,24.95537567138672,20.667823791503906,45.62327575683594,438.37274169921875
30.812326431274414,61.720001220703125,1000.0,68.0,-0.02237909473478794,0.020547857508063316,11.0,0.9990396499633789,0.9990396499633789,0.9990396499633789,0.0198859553784132,9.300000237999484e-05,0.23662500083446503,1380000.0,-0.023102253675460815,-0.0017116889357566833,0.14156770706176758,0.029822124168276787,-0.002302424982190132,3.071404218673706,3306.084228515625,26.359758377075195,22.273109436035156,48.6329345703125,411.24395751953125
30.903160095214844,69.44000244140625,1000.0,69.0,-0.03793136775493622,0.021777326241135597,11.0,0.9957758188247681,0.9957758188247681,0.9957758188247681,0.02056659199297428,9.000000136438757e-05,0.23296919465065002,1400000.0,-0.02215287834405899,0.000949375331401825,-0.1575971245765686,0.03117772564291954,0.0013556014746427536,3.085385799407959,3353.858154296875,24.954532623291016,22.79961395263672,47.754234313964844,418.81103515625
30.940141677856445,71.30000305175781,1000.0,70.0,-0.05068212002515793,0.02034648135304451,12.0,0.9987919330596924,0.9987919330596924,0.9987919330596924,0.020353320986032486,8.70000003487803e-05,0.23002251982688904,1420000.0,-0.023449167609214783,-0.0012962892651557922,-0.14187303185462952,0.029351236298680305,-0.001826489344239235,3.0888681411743164,3457.6748046875,48.7841682434082,55.01197814941406,103.79631042480469,192.68507385253906
30.81499481201172,63.18000030517578,1000.0,71.0,-0.061477888375520706,0.021722666919231415,11.0,0.997843861579895,0.997843861579895,0.997843861579895,0.020693069323897362,8.399999933317304e-05,0.22754979133605957,1440000.0,-0.022403493523597717,0.0010456740856170654,-0.23525510728359222,0.031383100897073746,0.0020318645983934402,3.078402042388916,3565.203857421875,56.19670867919922,51.28460693359375,107.4814453125,186.07862854003906
30.701414108276367,59.720001220703125,1000.0,72.0,-0.07290147989988327,0.020206810906529427,12.0,0.9990191459655762,0.9990191459655762,0.9990191459655762,0.020551741123199463,8.099999831756577e-05,0.22496694326400757,1460000.0,-0.02498440258204937,-0.0025809090584516525,0.2775428891181946,0.032098617404699326,0.0007155165076255798,3.068854808807373,3672.025146484375,52.99541473388672,53.78318786621094,106.77962493896484,187.30166625976562
30.373676300048828,58.68000030517578,1000.0,73.0,-0.0885685533285141,0.020409848541021347,13.0,0.9983986020088196,0.9983986020088196,0.9983986020088196,0.020150482654571533,7.79999973019585e-05,0.22147385776042938,1480000.0,-0.025173194706439972,-0.0001887921243906021,0.33168429136276245,0.029720788821578026,-0.0023778285831212997,3.090855360031128,3783.4189453125,51.27349853515625,60.074493408203125,111.34811401367188,179.61688232421875
30.76101303100586,63.41999816894531,1000.0,74.0,-0.10218823701143265,0.020645730197429657,14.0,0.9953041672706604,0.9953041672706604,0.9953041672706604,0.02031218633055687,7.500000356230885e-05,0.21847711503505707,1500000.0,-0.02494097501039505,0.00023221969604492188,0.07422959804534912,0.031039932742714882,0.001319143921136856,3.1104185581207275,3901.15771484375,52.250396728515625,65.43630981445312,117.68683624267578,169.9425506591797
30.907150268554688,65.4000015258789,1000.0,75.0,-0.11614339798688889,0.020777562633156776,14.0,0.9972721934318542,0.9972721934318542,0.9972721934318542,0.020200759172439575,7.200000254670158e-05,0.21544963121414185,1520000.0,-0.026620378717780113,-0.0016794037073850632,0.2925739884376526,0.02982170134782791,-0.0012182313948869705,3.0867698192596436,4020.2919921875,50.78828048706055,68.30120849609375,119.08965301513672,167.94070434570312
31.203428268432617,62.63999938964844,1000.0,76.0,-0.125041201710701,0.020666539669036865,15.0,0.9955295324325562,0.9955295324325562,0.9955295324325562,0.020858770236372948,6.900000153109431e-05,0.21353931725025177,1540000.0,-0.025769317522644997,0.0008510611951351166,0.018542548641562462,0.03106747567653656,0.0012457743287086487,3.0807604789733887,4140.34814453125,52.60215759277344,67.40225219726562,120.00486755371094,166.659912109375
31.101850509643555,61.7400016784668,1000.0,77.0,-0.13909919559955597,0.020678136497735977,13.0,0.99755859375,0.99755859375,0.99755859375,0.019214540719985962,6.600000051548705e-05,0.21055859327316284,1560000.0,-0.02419566921889782,0.0015736483037471771,0.16874998807907104,0.030999884009361267,-6.759166717529297e-05,3.0816237926483154,4251.55029296875,52.363853454589844,58.78900146484375,111.15300750732422,179.93215942382812
31.3950138092041,56.58000183105469,1000.0,78.0,-0.1548404097557068,0.020793404430150986,16.0,0.9975222945213318,0.9975222945213318,0.9975222945213318,0.020095275714993477,6.299999949987978e-05,0.20726259052753448,1580000.0,-0.02697134204208851,-0.002775672823190689,-0.014817975461483002,0.02981659397482872,-0.001183290034532547,3.094170331954956,4380.091796875,50.974002838134766,77.52203369140625,128.49620056152344,155.64663696289062
30.76396942138672,54.119998931884766,1000.0,79.0,-0.16605165600776672,0.02017872780561447,16.0,0.9974191784858704,0.9974191784858704,0.9974191784858704,0.020384375005960464,5.999999848427251e-05,0.2049541473388672,1600000.0,-0.02781202830374241,-0.0008406862616539001,-0.193780779838562,0.02756728231906891,-0.0022493116557598114,3.0933094024658203,4505.35888671875,50.73723602294922,74.47904205322266,125.21638488769531,159.7235107421875
31.016956329345703,54.400001525878906,1000.0,80.0,-0.18371352553367615,0.020444391295313835,16.0,0.995893120765686,0.995893120765686,0.995893120765686,0.01990152709186077,5.700000110664405e-05,0.2013697326183319,1620000.0,-0.026625771075487137,0.001186257228255272,0.5134819149971008,0.028749164193868637,0.0011818818747997284,3.125521183013916,4629.65087890625,51.02468490600586,73.21996307373047,124.24476623535156,160.9725799560547
30.690298080444336,60.040000915527344,1000.0,81.0,-0.19807110726833344,0.0203445702791214,18.0,0.9966962337493896,0.9966962337493896,0.9966962337493896,0.019964901730418205,5.400000009103678e-05,0.19850531220436096,1640000.0,-0.02842860482633114,-0.0018028337508440018,-0.07170410454273224,0.029152866452932358,0.0004037022590637207,3.1119384765625,4762.80419921875,50.7708854675293,82.33512878417969,133.10633850097656,150.2558135986328
31.083660125732422,55.599998474121094,1000.0,82.0,-0.21132896840572357,0.021756798028945923,18.0,0.9948729872703552,0.9948729872703552,0.9948729872703552,0.019727976992726326,5.0999999075429514e-05,0.1958899199962616,1660000.0,-0.0284716933965683,-4.308857023715973e-05,-0.17235197126865387,0.028240276500582695,-0.0009125899523496628,3.1429553031921387,4895.00732421875,50.00840377807617,82.14839935302734,132.1570587158203,151.3350830078125
31.01729965209961,57.18000030517578,1000.0,83.0,-0.22907085716724396,0.020386865362524986,19.0,0.9983503222465515,0.9983503222465515,0.9983503222465515,0.019476719200611115,4.8000001697801054e-05,0.19244003295898438,1680000.0,-0.028744962066411972,-0.0002732686698436737,0.3863811492919922,0.03247798606753349,0.004237709566950798,3.102177858352661,5031.65087890625,52.09349060058594,84.49568176269531,136.5894317626953,146.42422485351562
30.89013671875,51.880001068115234,1000.0,84.0,-0.24860982596874237,0.020635919645428658,18.0,0.9972957372665405,0.9972957372665405,0.9972957372665405,0.01958092860877514,4.5000000682193786e-05,0.18871203064918518,1700000.0,-0.02853372134268284,0.0002112407237291336,-0.1112293154001236,0.0290084071457386,-0.0034695789217948914,3.1364758014678955,5165.65283203125,51.360206604003906,82.5633773803711,133.9237060546875,149.33876037597656
31.053991317749023,60.91999816894531,1000.0,85.0,-0.2643488347530365,0.02039581537246704,21.0,0.9955905079841614,0.9955905079841614,0.9955905079841614,0.019959259778261185,4.199999966658652e-05,0.18576419353485107,1720000.0,-0.031073549762368202,-0.0025398284196853638,0.36940306425094604,0.031080475077033043,0.0020720679312944412,3.157392740249634,5311.70361328125,50.784175872802734,95.21247863769531,145.9967803955078,136.98931884765625
30.993274688720703,57.02000045776367,1000.0,86.0,-0.2805023193359375,0.021037399768829346,22.0,0.9977073669433594,0.9977073669433594,0.9977073669433594,0.019714808091521263,3.899999865097925e-05,0.18278829753398895,1740000.0,-0.03095976822078228,0.00011378154158592224,0.0759977251291275,0.029850853607058525,-0.0012296214699745178,3.08475399017334,5464.88818359375,52.05842590332031,101.07661437988281,153.13516235351562,130.60357666015625
31.101110458374023,64.22000122070312,1000.0,87.0,-0.2974555194377899,0.02070586197078228,22.0,0.9974672794342041,0.9974672794342041,0.9974672794342041,0.019859706982970238,3.600000127335079e-05,0.179715096950531,1760000.0,-0.030693775042891502,0.0002659931778907776,-0.09529382735490799,0.02707647904753685,-0.002774374559521675,3.1348273754119873,5616.26025390625,50.99987030029297,100.3188705444336,151.31884765625,132.17123413085938
30.895708084106445,64.86000061035156,1000.0,88.0,-0.31941479444503784,0.02001953311264515,23.0,0.9968946576118469,0.9968946576118469,0.9968946576118469,0.019160326570272446,3.300000025774352e-05,0.17581409215927124,1780000.0,-0.03044384904205799,0.00024992600083351135,-0.009660642594099045,0.030015096068382263,0.002938617020845413,3.1237621307373047,5738.744140625,50.890560150146484,71.54041290283203,122.43109893798828,163.35719299316406
31.035133361816406,66.73999786376953,1000.0,89.0,-0.3401721715927124,0.0203398484736681,25.0,0.9974084496498108,0.9974084496498108,0.9974084496498108,0.019115839153528214,2.9999999242136255e-05,0.17220048606395721,1800000.0,-0.032027486711740494,-0.0015836376696825027,0.15523411333560944,0.03001587837934494,7.82310962677002e-07,3.1458401679992676,5810.27880859375,27.467113494873047,44.04852294921875,71.51570129394531,279.65887451171875
30.997106552124023,61.279998779296875,1000.0,90.0,-0.35640180110931396,0.02047542855143547,29.0,0.9987875819206238,0.9987875819206238,0.9987875819206238,0.019846878945827484,2.700000004551839e-05,0.16942846775054932,1820000.0,-0.0328788198530674,-0.0008513331413269043,-0.1542062759399414,0.02689491957426071,-0.0031209588050842285,3.153225898742676,5893.96728515625,26.563404083251953,57.106483459472656,83.66995239257812,239.03443908691406
31.257265090942383,61.380001068115234,1000.0,91.0,-0.3734431266784668,0.0204174742102623,33.0,0.9978271722793579,0.9978271722793579,0.9978271722793579,0.019561568275094032,2.4000000848900527e-05,0.16656507551670074,1840000.0,-0.0331808365881443,-0.0003020167350769043,-0.09421567618846893,0.028973227366805077,0.002078307792544365,3.152813196182251,5998.5078125,34.55058670043945,69.9563980102539,104.50707244873047,191.37460327148438
30.594057083129883,69.76000213623047,1000.0,92.0,-0.38747361302375793,0.020209258422255516,38.0,0.9980282187461853,0.9980282187461853,0.9980282187461853,0.019118040800094604,2.099999983329326e-05,0.16424497961997986,1860000.0,-0.03436769172549248,-0.001186855137348175,-0.04279258847236633,0.027005547657608986,-0.0019676797091960907,3.11374568939209,6117.16259765625,33.96030807495117,84.65523529052734,118.61566162109375,168.61180114746094
31.366212844848633,61.79999923706055,1000.0,93.0,-0.4075414538383484,0.01948821172118187,40.0,0.9961673021316528,0.9961673021316528,0.9961673021316528,0.018592391163110733,1.8000000636675395e-05,0.16098472476005554,1880000.0,-0.03292953595519066,0.0014381557703018188,-0.04761246219277382,0.029971405863761902,0.002965858206152916,3.180040121078491,6237.19287109375,34.09542465209961,85.90046691894531,119.9959716796875,166.67225646972656
31.707136154174805,58.220001220703125,1000.0,94.0,-0.42532479763031006,0.01721496321260929,40.0,0.9994480609893799,0.9994480609893799,0.9994480609893799,0.017539093270897865,1.4999999621068127e-05,0.15814590454101562,1900000.0,-0.03276243805885315,0.00016709789633750916,0.383107453584671,0.027342485263943672,-0.0026289205998182297,3.1767539978027344,6362.0927734375,35.30946731567383,89.55591583251953,124.8654556274414,160.1724090576172
32.0020866394043,43.86000061035156,1000.0,95.0,-0.43659302592277527,0.015622210688889027,40.0,0.9980403184890747,0.9980403184890747,0.9980403184890747,0.01682274602353573,1.2000000424450263e-05,0.15637435019016266,1920000.0,-0.031123191118240356,0.001639246940612793,0.06071847304701805,0.02772047556936741,0.00037799030542373657,3.1556358337402344,6480.51513671875,33.48169708251953,84.90837097167969,118.39014434814453,168.9329833984375
31.4746036529541,49.97999954223633,1000.0,96.0,-0.447211891412735,0.013445362448692322,40.0,0.9983333945274353,0.9983333945274353,0.9983333945274353,0.016108278185129166,9.000000318337698e-06,0.1547246277332306,1940000.0,-0.02906617894768715,0.0020570121705532074,-0.0735911875963211,0.02762715145945549,-9.332410991191864e-05,3.171480178833008,6596.791015625,32.668914794921875,83.57247161865234,116.24147033691406,172.05564880371094
30.600017547607422,59.31999969482422,1000.0,97.0,-0.4578230679035187,0.011401655152440071,40.0,0.9988770484924316,0.9988770484924316,0.9988770484924316,0.014711877331137657,6.000000212225132e-06,0.15309034287929535,1960000.0,-0.026088878512382507,0.0029773004353046417,0.28061163425445557,0.029537027701735497,0.0019098762422800064,3.1362388134002686,6709.99951171875,33.29206466674805,79.88081359863281,113.17293548583984,176.720703125
30.851659774780273,68.86000061035156,1000.0,98.0,-0.4664480686187744,0.007910015992820263,40.0,0.9993022084236145,0.9993022084236145,0.9993022084236145,0.01280367560684681,3.000000106112566e-06,0.1517762839794159,1980000.0,-0.020943839102983475,0.005145039409399033,0.025224696844816208,0.028290748596191406,-0.0012462791055440903,3.1775193214416504,6827.36962890625,33.31379318237305,84.0289077758789,117.34281921386719,170.44078063964844
31.1648006439209,72.9800033569336,1000.0,99.0,-0.4731200337409973,0.005237426608800888,40.0,0.9989079833030701,0.9989079833030701,0.9989079833030701,0.01073372457176447,0.0,0.15076690912246704,2000000.0,-0.014088249765336514,0.006855589337646961,0.6223092079162598,0.02807617001235485,-0.00021457858383655548,3.168015956878662,6945.97900390625,34.96490478515625,83.61515045166016,118.58036804199219,168.6619873046875
