Metrics/EpRet,Metrics/EpCost,Metrics/EpLen,Train/Epoch,Train/Entropy,Train/KL,Train/StopIter,Train/PolicyRatio,Train/PolicyRatio/Min,Train/PolicyRatio/Max,Train/PolicyRatio/Std,Train/LR,Train/PolicyStd,TotalEnvSteps,Loss/Loss_pi,Loss/Loss_pi/Delta,Value/Adv,Loss/Loss_reward_critic,Loss/Loss_reward_critic/Delta,Value/reward,Loss/Loss_cost_critic,Loss/Loss_cost_critic/Delta,Value/cost,Time/Total,Time/Rollout,Time/Update,Time/Epoch,Time/FPS,Metrics/LagrangeMultiplier,Metrics/LagrangeMultiplier/Min,Metrics/LagrangeMultiplier/Max,Metrics/LagrangeMultiplier/Std
-1.380780577659607,50.45000076293945,1000.0,0.0,1.4144065380096436,0.017469562590122223,40.0,1.0009900331497192,1.0009900331497192,1.0009900331497192,0.01945824734866619,0.0002969999914057553,0.9954846501350403,20000.0,-0.01751965656876564,-0.01751965656876564,0.08900632709264755,0.004998406860977411,0.004998406860977411,-0.028605325147509575,1.318652868270874,1.318652868270874,-0.0028502140194177628,238.9563446044922,107.80293273925781,131.15286254882812,238.9558563232422,83.69746398925781,0.03599999472498894,0.03599999472498894,0.03599999472498894,0.0
-0.4966300427913666,75.94999694824219,1000.0,1.0,1.3942950963974,0.02041844092309475,20.0,1.0002002716064453,1.0002002716064453,1.0002002716064453,0.021148523315787315,0.00029399999766610563,0.9756946563720703,40000.0,-0.01945728249847889,-0.0019376259297132492,-0.04910154640674591,0.004033105913549662,-0.0009653009474277496,-0.034347258508205414,2.3550913333892822,1.0364384651184082,0.7591202855110168,421.7064514160156,105.72653198242188,76.9819564819336,182.7085723876953,109.46394348144531,0.06864458322525024,0.06864458322525024,0.06864458322525024,0.0
0.21752123534679413,101.94000244140625,1000.0,2.0,1.3799772262573242,0.022545697167515755,17.0,0.9992294311523438,0.9992294311523438,0.9992294311523438,0.0212081428617239,0.000291000003926456,0.9618773460388184,60000.0,-0.019480383023619652,-2.310052514076233e-05,0.09618201851844788,0.005327116698026657,0.0012940107844769955,-0.03268793225288391,3.375511407852173,1.0204200744628906,3.2138288021087646,588.2449340820312,102.94915008544922,63.549530029296875,166.49874877929688,120.12101745605469,0.10116506367921829,0.10116506367921829,0.10116506367921829,0.0
1.2069981098175049,109.30000305175781,1000.0,3.0,1.354351282119751,0.020043063908815384,18.0,0.9988799095153809,0.9988799095153809,0.9988799095153809,0.021681398153305054,0.0002880000101868063,0.9375259280204773,80000.0,-0.021711932495236397,-0.002231549471616745,0.19054748117923737,0.005506346467882395,0.00017922976985573769,-0.005919076967984438,2.589451551437378,-0.7860598564147949,3.671144485473633,758.7828369140625,104.3309326171875,66.17142486572266,170.50247192382812,117.30035400390625,0.13452401757240295,0.13452401757240295,0.13452401757240295,0.0
2.0958750247955322,81.37999725341797,1000.0,4.0,1.3237261772155762,0.02071492373943329,16.0,0.9989820718765259,0.9989820718765259,0.9989820718765259,0.020889248698949814,0.0002849999873433262,0.9092649817466736,100000.0,-0.018898531794548035,0.002813400700688362,-0.33216631412506104,0.009626909159123898,0.004120562691241503,0.06324566900730133,2.4081664085388184,-0.18128514289855957,4.369378089904785,922.68310546875,103.07803344726562,60.78634262084961,163.86444091796875,122.0521011352539,0.16794255375862122,0.16794255375862122,0.16794255375862122,0.0
3.2321937084198,80.0199966430664,1000.0,5.0,1.3004404306411743,0.020254550501704216,16.0,1.0005604028701782,1.0005604028701782,1.0005604028701782,0.020275799557566643,0.00028199999360367656,0.8883804678916931,120000.0,-0.02275296300649643,-0.0038544312119483948,-0.02373458445072174,0.008602877147495747,-0.001024032011628151,0.11906014382839203,2.297837018966675,-0.11032938957214355,5.133670330047607,1087.009033203125,103.8619613647461,60.41714859008789,164.2791748046875,121.74398040771484,0.20135809481143951,0.20135809481143951,0.20135809481143951,0.0
4.282536506652832,78.0999984741211,1000.0,6.0,1.2854607105255127,0.021024074405431747,16.0,0.9993627667427063,0.9993627667427063,0.9993627667427063,0.020852403715252876,0.0002789999998640269,0.8753082156181335,140000.0,-0.024204624816775322,-0.0014516618102788925,0.09390180557966232,0.010670887306332588,0.0020680101588368416,0.19002006947994232,2.247174024581909,-0.050662994384765625,6.4178876876831055,1247.193115234375,99.41551208496094,60.73143005371094,160.14700317382812,124.88525390625,0.23469364643096924,0.23469364643096924,0.23469364643096924,0.0
5.286841869354248,85.63999938964844,1000.0,7.0,1.2747743129730225,0.02226811833679676,16.0,0.9983810782432556,0.9983810782432556,0.9983810782432556,0.021305426955223083,0.00027600000612437725,0.8659107089042664,160000.0,-0.029396776109933853,-0.005192151293158531,-0.006581716239452362,0.012800319120287895,0.002129431813955307,0.24149033427238464,2.564635753631592,0.3174617290496826,5.6290740966796875,1415.212890625,102.51925659179688,65.46331787109375,167.98263549804688,119.05992126464844,0.2683211863040924,0.2683211863040924,0.2683211863040924,0.0
6.334424018859863,83.5199966430664,1000.0,8.0,1.259648084640503,0.021573543548583984,17.0,1.0001723766326904,1.0001723766326904,1.0001723766326904,0.02105856128036976,0.0002730000123847276,0.8528659343719482,180000.0,-0.02693476527929306,0.002462010830640793,0.15000611543655396,0.014425316825509071,0.0016249977052211761,0.31810805201530457,1.9216184616088867,-0.6430172920227051,6.035696506500244,1579.18408203125,99.38226318359375,64.55350494384766,163.9358367919922,121.99895477294922,0.30208808183670044,0.30208808183670044,0.30208808183670044,0.0
7.373290538787842,81.36000061035156,1000.0,9.0,1.239577293395996,0.020314380526542664,15.0,0.9997040033340454,0.9997040033340454,0.9997040033340454,0.02147732302546501,0.0002699999895412475,0.8359603881835938,200000.0,-0.03206949681043625,-0.0051347315311431885,-0.177927166223526,0.016084490343928337,0.0016591735184192657,0.34999457001686096,2.2679765224456787,0.346358060836792,6.270833969116211,1738.068115234375,102.24596405029297,56.593650817871094,158.8396759033203,125.91312408447266,0.33587518334388733,0.33587518334388733,0.33587518334388733,0.0
7.835206985473633,70.9000015258789,1000.0,10.0,1.2174664735794067,0.020118920132517815,12.0,0.9989488124847412,0.9989488124847412,0.9989488124847412,0.019920561462640762,0.00026699999580159783,0.8176960349082947,220000.0,-0.02326643466949463,0.00880306214094162,0.023144736886024475,0.015866870060563087,-0.00021762028336524963,0.4191915988922119,1.7975040674209595,-0.47047245502471924,7.523308753967285,1884.604248046875,101.52481079101562,44.975440979003906,146.50033569335938,136.51846313476562,0.3691444396972656,0.3691444396972656,0.3691444396972656,0.0
8.610422134399414,76.87999725341797,1000.0,11.0,1.2022404670715332,0.021029939875006676,13.0,0.997581422328949,0.997581422328949,0.997581422328949,0.02171211503446102,0.0002640000020619482,0.8052871227264404,240000.0,-0.031466178596019745,-0.008199743926525116,0.3577762544155121,0.014976168051362038,-0.0008907020092010498,0.5037810206413269,2.0621042251586914,0.26460015773773193,6.314157009124756,2034.196044921875,101.25530242919922,48.2992057800293,149.55458068847656,133.73045349121094,0.4023272693157196,0.4023272693157196,0.4023272693157196,0.0
8.846692085266113,76.81999969482422,1000.0,12.0,1.193757176399231,0.021694490686058998,12.0,1.0018306970596313,1.0018306970596313,1.0018306970596313,0.022312510758638382,0.0002610000083222985,0.7984703779220581,260000.0,-0.03395567834377289,-0.0024894997477531433,0.00751127302646637,0.013104558922350407,-0.001871609129011631,0.5324642658233643,2.3654277324676514,0.30332350730895996,6.570385932922363,2182.10400390625,101.31649017333984,46.5553092956543,147.87185668945312,135.2522430419922,0.4354442358016968,0.4354442358016968,0.4354442358016968,0.0
9.343567848205566,77.58000183105469,1000.0,13.0,1.184823989868164,0.0201268270611763,13.0,0.9996558427810669,0.9996558427810669,0.9996558427810669,0.020972125232219696,0.0002579999854788184,0.7914981245994568,280000.0,-0.031090814620256424,0.0028648637235164642,0.18604713678359985,0.01645437814295292,0.0033498192206025124,0.6390849947929382,2.350440263748169,-0.014987468719482422,7.518763065338135,2333.940673828125,101.88450622558594,49.91731643676758,151.80191040039062,131.7506561279297,0.46855294704437256,0.46855294704437256,0.46855294704437256,0.0
9.928509712219238,77.36000061035156,1000.0,14.0,1.165647029876709,0.02009311132133007,10.0,1.000398874282837,1.000398874282837,1.000398874282837,0.02092086337506771,0.00025499999173916876,0.7764320969581604,300000.0,-0.028322160243988037,0.002768654376268387,-0.10192595422267914,0.017634397372603416,0.0011800192296504974,0.7007846832275391,2.7414114475250244,0.39097118377685547,8.166370391845703,2472.024169921875,98.82347106933594,39.2170524597168,138.04058837890625,144.88491821289062,0.501650333404541,0.501650333404541,0.501650333404541,0.0
10.351640701293945,65.73999786376953,1000.0,15.0,1.1541138887405396,0.020864469930529594,12.0,1.000359296798706,1.000359296798706,1.000359296798706,0.020871613174676895,0.0002519999979995191,0.7674848437309265,320000.0,-0.03103392943739891,-0.0027117691934108734,0.26584592461586,0.017827264964580536,0.00019286759197711945,0.7167424559593201,2.069033145904541,-0.6723783016204834,7.720067024230957,2632.033203125,100.39219665527344,59.57451248168945,159.96678161621094,125.02595520019531,0.5340769290924072,0.5340769290924072,0.5340769290924072,0.0
10.613066673278809,66.18000030517578,1000.0,16.0,1.141950011253357,0.0201182272285223,12.0,0.9998632669448853,0.9998632669448853,0.9998632669448853,0.021540232002735138,0.00024900000425986946,0.7582451701164246,340000.0,-0.03311283141374588,-0.0020789019763469696,0.23551829159259796,0.01644924283027649,-0.0013780221343040466,0.7612694501876831,1.8701038360595703,-0.1989293098449707,7.098020076751709,2776.99951171875,98.70936584472656,46.2216911315918,144.93113708496094,137.99658203125,0.5659604072570801,0.5659604072570801,0.5659604072570801,0.0
10.855452537536621,63.91999816894531,1000.0,17.0,1.1267693042755127,0.02021820843219757,11.0,1.0007041692733765,1.0007041692733765,1.0007041692733765,0.020968439057469368,0.0002460000105202198,0.7468302249908447,360000.0,-0.032858747988939285,0.00025408342480659485,-0.1431286633014679,0.01719611883163452,0.0007468760013580322,0.844363272190094,2.347691774368286,0.4775879383087158,7.541895389556885,2918.16845703125,100.97100830078125,40.16326904296875,141.1343536376953,141.70895385742188,0.597233772277832,0.597233772277832,0.597233772277832,0.0
10.874120712280273,81.33999633789062,1000.0,18.0,1.111630916595459,0.0202940646559,11.0,0.9995195269584656,0.9995195269584656,0.9995195269584656,0.02188442274928093,0.00024300000222865492,0.7355877161026001,380000.0,-0.03922712057828903,-0.006368372589349747,0.020295999944210052,0.01626100391149521,-0.0009351149201393127,0.8480060696601868,2.477916955947876,0.13022518157958984,8.126269340515137,3060.516845703125,100.23626708984375,42.076171875,142.31251525878906,140.53578186035156,0.6290181875228882,0.6290181875228882,0.6290181875228882,0.0
11.940258026123047,80.23999786376953,1000.0,19.0,1.1023519039154053,0.020243505015969276,11.0,1.0020281076431274,1.0020281076431274,1.0020281076431274,0.021132268011569977,0.00023999999393709004,0.7287779450416565,400000.0,-0.03472091257572174,0.004506208002567291,-0.2522464692592621,0.01997346244752407,0.003712458536028862,0.9483538866043091,2.2173683643341064,-0.26054859161376953,7.976802349090576,3201.94384765625,98.01592254638672,43.3779182434082,141.3939208984375,141.44879150390625,0.661187469959259,0.661187469959259,0.661187469959259,0.0
12.140491485595703,72.13999938964844,1000.0,20.0,1.09609854221344,0.020006977021694183,10.0,1.0019035339355469,1.0019035339355469,1.0019035339355469,0.02055567502975464,0.00023700000019744039,0.7242406010627747,420000.0,-0.031877003610134125,0.002843908965587616,-0.04765154793858528,0.0204785019159317,0.0005050394684076309,0.9871279001235962,2.1367571353912354,-0.0806112289428711,7.563787460327148,3340.44287109375,101.40553283691406,37.05682373046875,138.46243286132812,144.44351196289062,0.6932397484779358,0.6932397484779358,0.6932397484779358,0.0
12.587878227233887,80.13999938964844,1000.0,21.0,1.0944114923477173,0.02078474499285221,10.0,1.0012896060943604,1.0012896060943604,1.0012896060943604,0.02184976451098919,0.00023400000645779073,0.7231502532958984,440000.0,-0.0385490246117115,-0.006672021001577377,-0.17783430218696594,0.02074679546058178,0.0002682935446500778,1.0144777297973633,2.67358660697937,0.5368294715881348,7.294878959655762,3480.08837890625,101.05136108398438,38.55535888671875,139.60679626464844,143.25950622558594,0.7256501317024231,0.7256501317024231,0.7256501317024231,0.0
12.723071098327637,74.69999694824219,1000.0,22.0,1.0887260437011719,0.020613253116607666,12.0,0.9985330700874329,0.9985330700874329,0.9985330700874329,0.021194733679294586,0.00023099999816622585,0.7190773487091064,460000.0,-0.041032955050468445,-0.0024839304387569427,-0.3503684997558594,0.023490743711590767,0.0027439482510089874,1.0749378204345703,2.1249122619628906,-0.5486743450164795,7.7288970947265625,3624.312255859375,98.98377227783203,45.20378875732422,144.18763732910156,138.70814514160156,0.7580718398094177,0.7580718398094177,0.7580718398094177,0.0
12.992453575134277,58.15999984741211,1000.0,23.0,1.0793869495391846,0.020181499421596527,11.0,0.9998047351837158,0.9998047351837158,0.9998047351837158,0.021250516176223755,0.0002280000044265762,0.7123844027519226,480000.0,-0.03380301594734192,0.007229939103126526,-0.1256299614906311,0.020716287195682526,-0.0027744565159082413,1.1017026901245117,1.7566167116165161,-0.3682955503463745,7.5847272872924805,3765.04345703125,100.17485046386719,40.52025604248047,140.69522094726562,142.1512451171875,0.7894399166107178,0.7894399166107178,0.7894399166107178,0.0
13.085514068603516,48.040000915527344,1000.0,24.0,1.0642977952957153,0.02068038284778595,10.0,0.9982939958572388,0.9982939958572388,0.9982939958572388,0.020611997693777084,0.00022499999613501132,0.7017164826393127,500000.0,-0.02986772358417511,0.003935292363166809,-0.043721720576286316,0.02315174601972103,0.0024354588240385056,1.1550662517547607,1.5646482706069946,-0.19196844100952148,7.113726615905762,3904.2548828125,100.97872161865234,38.196685791015625,139.17547607421875,143.70347595214844,0.8191059827804565,0.8191059827804565,0.8191059827804565,0.0
13.061583518981934,43.459999084472656,1000.0,25.0,1.050870418548584,0.02341277524828911,12.0,1.0010133981704712,1.0010133981704712,1.0010133981704712,0.022006910294294357,0.00022200000239536166,0.6923742294311523,520000.0,-0.036431048065423965,-0.006563324481248856,0.03151821345090866,0.022241439670324326,-0.0009103063493967056,1.1574002504348755,1.5706183910369873,0.005970120429992676,6.887218952178955,4051.7001953125,99.00434875488281,48.40230178833008,147.40672302246094,135.6790313720703,0.8468631505966187,0.8468631505966187,0.8468631505966187,0.0
12.739213943481445,50.099998474121094,1000.0,26.0,1.036106824874878,0.02104676514863968,9.0,1.0012468099594116,1.0012468099594116,1.0012468099594116,0.021677954122424126,0.00021899999410379678,0.6822146773338318,540000.0,-0.035069312900304794,0.0013617351651191711,-0.23276713490486145,0.022025728598237038,-0.0002157110720872879,1.2008670568466187,2.06870436668396,0.49808597564697266,6.044379711151123,4183.95556640625,100.22802734375,31.99002456665039,132.21812438964844,151.26519775390625,0.8734450340270996,0.8734450340270996,0.8734450340270996,0.0
11.990791320800781,61.70000076293945,1000.0,27.0,1.0278892517089844,0.020485764369368553,10.0,0.9992319345474243,0.9992319345474243,0.9992319345474243,0.022521408274769783,0.00021600000036414713,0.676721453666687,560000.0,-0.040526583790779114,-0.0054572708904743195,0.09957737475633621,0.02272592857480049,0.0007001999765634537,1.1564425230026245,2.1724612712860107,0.10375690460205078,6.172165870666504,4323.23583984375,100.60279846191406,38.63862609863281,139.24151611328125,143.6353302001953,0.8998858332633972,0.8998858332633972,0.8998858332633972,0.0
12.561609268188477,63.619998931884766,1000.0,28.0,1.0287878513336182,0.020867854356765747,7.0,0.9990580081939697,0.9990580081939697,0.9990580081939697,0.020844697952270508,0.00021300000662449747,0.6773523688316345,580000.0,-0.03209180384874344,0.008434779942035675,0.2372957170009613,0.024621594697237015,0.0018956661224365234,1.2455973625183105,2.6241981983184814,0.4517369270324707,7.039028167724609,4450.6904296875,100.87323760986328,26.5432186126709,127.4165267944336,156.96551513671875,0.9263573288917542,0.9263573288917542,0.9263573288917542,0.0
13.1113862991333,66.22000122070312,1000.0,29.0,1.0197985172271729,0.02109033800661564,9.0,1.0009148120880127,1.0009148120880127,1.0009148120880127,0.02100425586104393,0.0002099999983329326,0.671310305595398,600000.0,-0.03760078549385071,-0.005508981645107269,-0.12182377278804779,0.02266377955675125,-0.0019578151404857635,1.2441697120666504,2.307095527648926,-0.31710267066955566,7.096700191497803,4583.98681640625,98.25849914550781,35.003787994384766,133.26235961914062,150.0798797607422,0.9530618190765381,0.9530618190765381,0.9530618190765381,0.0
14.096379280090332,62.08000183105469,1000.0,30.0,1.0082001686096191,0.020363282412290573,10.0,1.0003526210784912,1.0003526210784912,1.0003526210784912,0.020641742274165154,0.00020700000459328294,0.6636709570884705,620000.0,-0.037045471370220184,0.0005553141236305237,-0.08149176836013794,0.023488134145736694,0.0008243545889854431,1.3255921602249146,1.8807991743087769,-0.4262963533401489,6.649406909942627,4723.93408203125,101.34141540527344,38.575199127197266,139.9167022705078,142.94219970703125,0.9796755909919739,0.9796755909919739,0.9796755909919739,0.0
12.902286529541016,47.220001220703125,1000.0,31.0,1.0004767179489136,0.020556557923555374,9.0,1.0003330707550049,1.0003330707550049,1.0003330707550049,0.021191056817770004,0.00020399999630171806,0.6585676074028015,640000.0,-0.03123890981078148,0.0058065615594387054,0.04892091453075409,0.023016655817627907,-0.00047147832810878754,1.2032402753829956,1.6207681894302368,-0.26003098487854004,7.222241401672363,4860.0595703125,99.2686767578125,36.8238525390625,136.0926055908203,146.95877075195312,1.005009651184082,1.005009651184082,1.005009651184082,0.0
12.68237590789795,43.20000076293945,1000.0,32.0,0.995352566242218,0.02007058635354042,10.0,1.0017935037612915,1.0017935037612915,1.0017935037612915,0.020544778555631638,0.0002010000025620684,0.6551841497421265,660000.0,-0.030817417427897453,0.0004214923828840256,-0.19850510358810425,0.0242606233805418,0.0012439675629138947,1.2665752172470093,1.5506471395492554,-0.07012104988098145,6.518704414367676,4997.7216796875,101.46153259277344,36.16462707519531,137.626220703125,145.32113647460938,1.028835654258728,1.028835654258728,1.028835654258728,0.0
12.57712173461914,47.84000015258789,1000.0,33.0,0.9860074520111084,0.020136408507823944,9.0,1.002159595489502,1.002159595489502,1.002159595489502,0.02165142446756363,0.00019799999427050352,0.6490985751152039,680000.0,-0.036816585808992386,-0.0059991683810949326,-0.15024828910827637,0.02420647442340851,-5.414895713329315e-05,1.257595181465149,1.9904118776321411,0.43976473808288574,6.233842372894287,5133.35791015625,101.1875,34.41642761230469,135.60398864746094,147.48828125,1.0517098903656006,1.0517098903656006,1.0517098903656006,0.0
13.297340393066406,56.84000015258789,1000.0,34.0,0.9827319383621216,0.022038595750927925,10.0,1.001523733139038,1.001523733139038,1.001523733139038,0.02156858518719673,0.00019500000053085387,0.6470643281936646,700000.0,-0.040954068303108215,-0.0041374824941158295,-0.13540485501289368,0.025033535435795784,0.0008270610123872757,1.3032855987548828,1.969360589981079,-0.02105128765106201,6.161618232727051,5270.46533203125,100.9449234008789,36.12993240356445,137.07492065429688,145.90560913085938,1.074512243270874,1.074512243270874,1.074512243270874,0.0
12.496748924255371,66.36000061035156,1000.0,35.0,0.9806287884712219,0.021178366616368294,10.0,0.9991745352745056,0.9991745352745056,0.9991745352745056,0.021207217127084732,0.00019200000679120421,0.645726203918457,720000.0,-0.04678243398666382,-0.005828365683555603,0.0033326148986816406,0.021775130182504654,-0.00325840525329113,1.2608078718185425,2.027127742767334,0.05776715278625488,6.437027931213379,5408.33154296875,99.66458892822266,38.169681549072266,137.83433532714844,145.1017303466797,1.0980517864227295,1.0980517864227295,1.0980517864227295,0.0
13.56493854522705,65.08000183105469,1000.0,36.0,0.9715560078620911,0.020072240382432938,10.0,0.9995723962783813,0.9995723962783813,0.9995723962783813,0.02049916796386242,0.00018899999849963933,0.639915943145752,740000.0,-0.03890024125576019,0.007882192730903625,-0.24328884482383728,0.025594359263777733,0.003819229081273079,1.3692294359207153,1.8637710809707642,-0.16335666179656982,6.434810638427734,5545.17138671875,100.97132110595703,35.833133697509766,136.80455017089844,146.1939697265625,1.1221598386764526,1.1221598386764526,1.1221598386764526,0.0
13.871977806091309,74.94000244140625,1000.0,37.0,0.9664579629898071,0.020823651924729347,10.0,1.0012084245681763,1.0012084245681763,1.0012084245681763,0.021893005818128586,0.00018600000475998968,0.6365774273872375,760000.0,-0.04750612750649452,-0.00860588625073433,-0.04823630675673485,0.023916926234960556,-0.0016774330288171768,1.2764079570770264,2.3576977252960205,0.49392664432525635,6.31581449508667,5683.85205078125,100.6738052368164,37.970035552978516,138.64395141601562,144.2544403076172,1.1475626230239868,1.1475626230239868,1.1475626230239868,0.0
14.513653755187988,70.68000030517578,1000.0,38.0,0.9581621289253235,0.02136983908712864,11.0,0.9989980459213257,0.9989980459213257,0.9989980459213257,0.020852327346801758,0.0001829999964684248,0.6311497688293457,780000.0,-0.046671558171510696,0.0008345693349838257,-0.014503054320812225,0.02408040314912796,0.00016347691416740417,1.3260737657546997,2.1073646545410156,-0.2503330707550049,6.877009391784668,5825.0146484375,98.67636108398438,42.45322799682617,141.12966918945312,141.71365356445312,1.1737951040267944,1.1737951040267944,1.1737951040267944,0.0
14.470942497253418,65.76000213623047,1000.0,39.0,0.951288640499115,0.02084967866539955,10.0,1.000387191772461,1.000387191772461,1.000387191772461,0.02121661975979805,0.00018000000272877514,0.6267512440681458,800000.0,-0.04491083696484566,0.001760721206665039,0.2350909411907196,0.025262992829084396,0.0011825896799564362,1.3235180377960205,2.158695936203003,0.051331281661987305,7.252989768981934,5962.27734375,100.76838684082031,36.457969665527344,137.22642517089844,145.74452209472656,1.2003880739212036,1.2003880739212036,1.2003880739212036,0.0
14.101988792419434,62.5,1000.0,40.0,0.9487722516059875,0.021279819309711456,9.0,1.0011029243469238,1.0011029243469238,1.0011029243469238,0.021046217530965805,0.00017699999443721026,0.6251484155654907,820000.0,-0.04503022879362106,-0.00011939182877540588,0.011030929163098335,0.02567041851580143,0.0004074256867170334,1.3774372339248657,2.09456467628479,-0.06413125991821289,6.899689674377441,6099.453125,100.9129409790039,36.22969055175781,137.1427001953125,145.83351135253906,1.2270485162734985,1.2270485162734985,1.2270485162734985,0.0
14.197040557861328,60.779998779296875,1000.0,41.0,0.9403916597366333,0.022551992908120155,12.0,0.9996106028556824,0.9996106028556824,0.9996106028556824,0.020672356709837914,0.0001740000006975606,0.6199012398719788,840000.0,-0.04293141886591911,0.00209880992770195,-0.23320713639259338,0.026398401707410812,0.0007279831916093826,1.3909837007522583,1.5098586082458496,-0.5847060680389404,7.235249996185303,6252.544921875,100.35556030273438,52.69814682006836,153.05377197265625,130.67303466796875,1.253636360168457,1.253636360168457,1.253636360168457,0.0
14.878474235534668,54.439998626708984,1000.0,42.0,0.9330502152442932,0.02055414766073227,10.0,1.0000431537628174,1.0000431537628174,1.0000431537628174,0.02133520506322384,0.00017100000695791095,0.6154260039329529,860000.0,-0.04291635379195213,1.506507396697998e-05,0.2178046852350235,0.028635825961828232,0.0022374242544174194,1.4844059944152832,1.6616270542144775,0.15176844596862793,6.483465671539307,6389.0673828125,100.74779510498047,35.73830032348633,136.48617553710938,146.5349884033203,1.27962327003479,1.27962327003479,1.27962327003479,0.0
15.233257293701172,45.619998931884766,1000.0,43.0,0.9276676177978516,0.021558934822678566,10.0,1.0006115436553955,1.0006115436553955,1.0006115436553955,0.02058214135468006,0.00016799999866634607,0.6120545268058777,880000.0,-0.044919855892658234,-0.0020035021007061005,0.21400241553783417,0.027714256197214127,-0.0009215697646141052,1.368740439414978,1.6803127527236938,0.01868569850921631,6.755545139312744,6528.16650390625,100.41187286376953,38.64848327636719,139.06044006347656,143.82235717773438,1.3042747974395752,1.3042747974395752,1.3042747974395752,0.0
14.36898422241211,61.65999984741211,1000.0,44.0,0.9190648198127747,0.023218585178256035,10.0,0.9983142614364624,0.9983142614364624,0.9983142614364624,0.022563038393855095,0.00016500000492669642,0.6067565083503723,900000.0,-0.04945027083158493,-0.004530414938926697,0.05425537750124931,0.02671203389763832,-0.0010022222995758057,1.4386961460113525,2.0433685779571533,0.3630558252334595,7.216795444488525,6664.041015625,97.94000244140625,37.9029541015625,135.84303283691406,147.228759765625,1.3291685581207275,1.3291685581207275,1.3291685581207275,0.0
14.437844276428223,59.29999923706055,1000.0,45.0,0.9121137261390686,0.02042681723833084,10.0,1.0011565685272217,1.0011565685272217,1.0011565685272217,0.020800532773137093,0.00016199999663513154,0.6025468111038208,920000.0,-0.04449307918548584,0.004957191646099091,0.014234364032745361,0.026665696874260902,-4.633702337741852e-05,1.4421578645706177,1.8524891138076782,-0.1908794641494751,6.73231315612793,6802.875,100.58690643310547,38.20973587036133,138.7967529296875,144.09559631347656,1.3540841341018677,1.3540841341018677,1.3540841341018677,0.0
15.018041610717773,50.58000183105469,1000.0,46.0,0.905841052532196,0.02008203975856304,10.0,1.0006194114685059,1.0006194114685059,1.0006194114685059,0.020331887528300285,0.00015900000289548188,0.5988044738769531,940000.0,-0.03592244163155556,0.008570637553930283,0.004600774496793747,0.02785637229681015,0.0011906754225492477,1.468459129333496,1.4346363544464111,-0.4178527593612671,6.6677327156066895,6940.6337890625,98.66924285888672,39.051578521728516,137.7209014892578,145.22125244140625,1.378238320350647,1.378238320350647,1.378238320350647,0.0
14.548079490661621,41.220001220703125,1000.0,47.0,0.9041232466697693,0.020030749961733818,10.0,1.0011444091796875,1.0011444091796875,1.0011444091796875,0.020924057811498642,0.000155999994603917,0.5977886319160461,960000.0,-0.04242315888404846,-0.006500717252492905,0.07338978350162506,0.027246296405792236,-0.0006100758910179138,1.448935866355896,1.674300193786621,0.23966383934020996,6.377103328704834,7076.9677734375,100.02830505371094,36.26633071899414,136.2947235107422,146.74082946777344,1.4008134603500366,1.4008134603500366,1.4008134603500366,0.0
15.357083320617676,46.459999084472656,1000.0,48.0,0.8968502879142761,0.02194572612643242,11.0,1.0003759860992432,1.0003759860992432,1.0003759860992432,0.02132386527955532,0.00015300000086426735,0.5935029983520508,980000.0,-0.047656718641519547,-0.005233559757471085,0.465111643075943,0.026379358023405075,-0.0008669383823871613,1.4808740615844727,1.7468043565750122,0.07250416278839111,6.214690685272217,7220.28125,100.62266540527344,42.656986236572266,143.2797393798828,139.5870819091797,1.422469973564148,1.422469973564148,1.422469973564148,0.0
15.481502532958984,55.29999923706055,1000.0,49.0,0.8931263089179993,0.020221613347530365,11.0,0.9991743564605713,0.9991743564605713,0.9991743564605713,0.020521339029073715,0.0001500000071246177,0.5913357734680176,1000000.0,-0.04169129207730293,0.005965426564216614,0.04675886780023575,0.028378745540976524,0.0019993875175714493,1.5405910015106201,1.5732563734054565,-0.17354798316955566,6.0544962882995605,7360.32080078125,98.31535339355469,41.691463470458984,140.00689697265625,142.85011291503906,1.444149374961853,1.444149374961853,1.444149374961853,0.0
15.593514442443848,56.560001373291016,1000.0,50.0,0.8902531862258911,0.021484196186065674,12.0,1.0018210411071777,1.0018210411071777,1.0018210411071777,0.021191352978348732,0.00014699999883305281,0.5897855758666992,1020000.0,-0.04692807421088219,-0.005236782133579254,0.21730047464370728,0.029132461175322533,0.0007537156343460083,1.5302051305770874,1.4725925922393799,-0.10066378116607666,5.907098293304443,7508.251953125,99.9415512084961,47.9503173828125,147.89195251464844,135.23387145996094,1.465978980064392,1.465978980064392,1.465978980064392,0.0
15.076262474060059,62.2599983215332,1000.0,51.0,0.8860679864883423,0.021602727472782135,11.0,1.0007898807525635,1.0007898807525635,1.0007898807525635,0.021967528387904167,0.00014400000509340316,0.5873488187789917,1040000.0,-0.0526488833129406,-0.005720809102058411,0.30034786462783813,0.029764490202069283,0.0006320290267467499,1.5546022653579712,1.754736304283142,0.2821437120437622,5.8553972244262695,7650.65966796875,100.05646514892578,42.3114013671875,142.36793518066406,140.48106384277344,1.4884885549545288,1.4884885549545288,1.4884885549545288,0.0
15.037084579467773,60.060001373291016,1000.0,52.0,0.8838600516319275,0.020528612658381462,11.0,1.0001391172409058,1.0001391172409058,1.0001391172409058,0.021386323496699333,0.00014099999680183828,0.5861779451370239,1060000.0,-0.057660799473524094,-0.005011916160583496,-0.1507856845855713,0.02907891385257244,-0.0006855763494968414,1.5975009202957153,2.002976179122925,0.24823987483978271,6.440441608428955,7793.82763671875,100.36107635498047,42.767189025878906,143.1283416748047,139.73472595214844,1.511414885520935,1.511414885520935,1.511414885520935,0.0
15.035700798034668,50.31999969482422,1000.0,53.0,0.8720736503601074,0.020126786082983017,10.0,0.9994788765907288,0.9994788765907288,0.9994788765907288,0.01944468542933464,0.00013800000306218863,0.5793856978416443,1080000.0,-0.04017197713255882,0.01748882234096527,-0.0400548130273819,0.030478158965706825,0.0013992451131343842,1.5045959949493408,1.390756607055664,-0.6122195720672607,6.51580286026001,7931.76513671875,98.88028717041016,39.019081115722656,137.89942932128906,145.03323364257812,1.5337905883789062,1.5337905883789062,1.5337905883789062,0.0
15.48974895477295,47.720001220703125,1000.0,54.0,0.866347074508667,0.020790932700037956,12.0,1.0012465715408325,1.0012465715408325,1.0012465715408325,0.021450456231832504,0.00013499999477062374,0.5761451721191406,1100000.0,-0.05292855203151703,-0.012756574898958206,0.015542585402727127,0.026301635429263115,-0.00417652353644371,1.5954387187957764,1.6102368831634521,0.21948027610778809,6.344077110290527,8078.69970703125,102.70085906982422,44.1947135925293,146.8956298828125,136.1510772705078,1.5554169416427612,1.5554169416427612,1.5554169416427612,0.0
15.67110824584961,57.81999969482422,1000.0,55.0,0.8635467886924744,0.0204013604670763,12.0,1.0012180805206299,1.0012180805206299,1.0012180805206299,0.021283002570271492,0.0001320000010309741,0.5746454000473022,1120000.0,-0.06171896681189537,-0.008790414780378342,-0.1757465898990631,0.025470683351159096,-0.0008309520781040192,1.5867836475372314,1.9118884801864624,0.30165159702301025,6.3081769943237305,8225.578125,102.34477996826172,44.4951171875,146.8399658203125,136.20269775390625,1.577371597290039,1.577371597290039,1.577371597290039,0.0
14.668087005615234,62.099998474121094,1000.0,56.0,0.8532120585441589,0.021416518837213516,11.0,1.0017012357711792,1.0017012357711792,1.0017012357711792,0.020150061696767807,0.0001289999927394092,0.5688754320144653,1140000.0,-0.0465061292052269,0.015212837606668472,-0.22074028849601746,0.02788679488003254,0.0024161115288734436,1.4540618658065796,1.4974771738052368,-0.4144113063812256,6.347379684448242,8370.732421875,101.50897979736328,43.607643127441406,145.11669921875,137.8201141357422,1.600044846534729,1.600044846534729,1.600044846534729,0.0
15.000304222106934,49.68000030517578,1000.0,57.0,0.8400842547416687,0.02005854621529579,11.0,0.9997792840003967,0.9997792840003967,0.9997792840003967,0.02029659040272236,0.00012599999899975955,0.5613317489624023,1160000.0,-0.04267493262887001,0.003831196576356888,0.11599739640951157,0.03167933225631714,0.0037925373762845993,1.575077772140503,1.4068706035614014,-0.09060657024383545,7.068437576293945,8734.87890625,207.24244689941406,156.87008666992188,364.1126708984375,54.92805480957031,1.6221522092819214,1.6221522092819214,1.6221522092819214,0.0
13.196778297424316,40.040000915527344,1000.0,58.0,0.8345304727554321,0.0221093837171793,13.0,1.0031026601791382,1.0031026601791382,1.0031026601791382,0.021818751469254494,0.0001230000052601099,0.5580787062644958,1180000.0,-0.04978806525468826,-0.0071131326258182526,0.08452586829662323,0.023199407383799553,-0.008479924872517586,1.3869529962539673,1.372133493423462,-0.03473711013793945,6.029144763946533,9050.966796875,152.11839294433594,163.9159393310547,316.0344543457031,63.28424072265625,1.6427558660507202,1.6427558660507202,1.6427558660507202,0.0
13.860978126525879,48.65999984741211,1000.0,59.0,0.8346653580665588,0.02130744233727455,14.0,1.0015101432800293,1.0015101432800293,1.0015101432800293,0.022364305332303047,0.00011999999696854502,0.5581340789794922,1200000.0,-0.060360703617334366,-0.010572638362646103,0.18216350674629211,0.027089880779385567,0.003890473395586014,1.5139104127883911,1.388048768043518,0.015915274620056152,6.299497127532959,9386.9462890625,148.29244995117188,187.63653564453125,335.9290771484375,59.536376953125,1.6629016399383545,1.6629016399383545,1.6629016399383545,0.0
15.495750427246094,57.08000183105469,1000.0,60.0,0.8290198445320129,0.020602233707904816,13.0,1.001913070678711,1.001913070678711,1.001913070678711,0.02134438045322895,0.00011700000322889537,0.5549970865249634,1220000.0,-0.059087738394737244,0.0012729652225971222,-0.04438946396112442,0.027287248522043228,0.00019736774265766144,1.6338123083114624,1.6366157531738281,0.24856698513031006,6.0985107421875,9790.7333984375,152.3046417236328,251.4280242919922,403.73291015625,49.53770065307617,1.6835044622421265,1.6835044622421265,1.6835044622421265,0.0
16.04828453063965,62.34000015258789,1000.0,61.0,0.8232120871543884,0.021063774824142456,13.0,1.0005427598953247,1.0005427598953247,1.0005427598953247,0.021312737837433815,0.0001140000022132881,0.5519297122955322,1240000.0,-0.060486841946840286,-0.0013991035521030426,0.3180176913738251,0.02896486409008503,0.0016776155680418015,1.4962599277496338,1.64236319065094,0.005747437477111816,6.180878639221191,10126.7001953125,165.6178741455078,170.29100036621094,335.90911865234375,59.539913177490234,1.7050565481185913,1.7050565481185913,1.7050565481185913,0.0
14.686932563781738,58.0,1000.0,62.0,0.817741870880127,0.020288102328777313,14.0,1.001936912536621,1.001936912536621,1.001936912536621,0.02086704783141613,0.00011100000119768083,0.5489394068717957,1260000.0,-0.0464082732796669,0.014078568667173386,-0.14982970058918,0.028536884114146233,-0.000427979975938797,1.4830718040466309,1.2687218189239502,-0.37364137172698975,6.235334396362305,10420.921875,158.26380920410156,135.9024658203125,294.1665344238281,67.98870086669922,1.7270361185073853,1.7270361185073853,1.7270361185073853,0.0
14.39909553527832,56.400001525878906,1000.0,63.0,0.8137052059173584,0.020032716915011406,13.0,1.002100944519043,1.002100944519043,1.002100944519043,0.02116316743195057,0.00010800000018207356,0.5466302633285522,1280000.0,-0.056331243366003036,-0.009922970086336136,-0.4674608111381531,0.028254477307200432,-0.0002824068069458008,1.5289925336837769,1.2921802997589111,0.023458480834960938,6.088317394256592,10622.283203125,118.72888946533203,82.59312438964844,201.32223510742188,99.34323120117188,1.7492473125457764,1.7492473125457764,1.7492473125457764,0.0
15.858044624328613,45.619998931884766,1000.0,64.0,0.8024523854255676,0.02073487639427185,15.0,1.000802993774414,1.000802993774414,1.000802993774414,0.019842231646180153,0.0001049999991664663,0.5405195355415344,1300000.0,-0.04740552604198456,0.008925717324018478,-0.07962936162948608,0.03164096921682358,0.003386491909623146,1.6104819774627686,1.1245278120040894,-0.16765248775482178,6.418182849884033,10833.8330078125,118.94528198242188,92.5490493774414,211.4944305419922,94.56513977050781,1.7705484628677368,1.7705484628677368,1.7705484628677368,0.0
15.930458068847656,48.720001220703125,1000.0,65.0,0.802273690700531,0.020379431545734406,13.0,1.000938892364502,1.000938892364502,1.000938892364502,0.020890220999717712,0.00010199999815085903,0.5404046773910522,1320000.0,-0.05792552977800369,-0.010520003736019135,-0.15611879527568817,0.028652282431721687,-0.0029886867851018906,1.5469424724578857,1.211682677268982,0.08715486526489258,5.8191423416137695,11031.7578125,118.75969696044922,79.1167221069336,197.87652587890625,101.07312774658203,1.7913627624511719,1.7913627624511719,1.7913627624511719,0.0
16.059120178222656,56.29999923706055,1000.0,66.0,0.7956101298332214,0.02003888599574566,13.0,1.000433325767517,1.000433325767517,1.000433325767517,0.020001254975795746,9.899999713525176e-05,0.5368179678916931,1340000.0,-0.05507422611117363,0.002851303666830063,0.33326852321624756,0.033215031027793884,0.004562748596072197,1.6743041276931763,1.3376191854476929,0.12593650817871094,6.49352502822876,11236.09375,119.2715072631836,85.01471710205078,204.28631591796875,97.90180969238281,1.812545895576477,1.812545895576477,1.812545895576477,0.0
15.876151084899902,58.099998474121094,1000.0,67.0,0.7856382131576538,0.022365780547261238,15.0,1.0028398036956787,1.0028398036956787,1.0028398036956787,0.021076377481222153,9.600000339560211e-05,0.53150874376297,1360000.0,-0.06365961581468582,-0.008585389703512192,-0.10003385692834854,0.03220166265964508,-0.0010133683681488037,1.634019374847412,1.248533844947815,-0.08908534049987793,6.973749160766602,11435.99609375,122.78437805175781,77.06502532958984,199.8494873046875,100.0753173828125,1.8342581987380981,1.8342581987380981,1.8342581987380981,0.0
16.61229705810547,47.70000076293945,1000.0,68.0,0.7759415507316589,0.021683765575289726,15.0,1.0005759000778198,1.0005759000778198,1.0005759000778198,0.0201363954693079,9.300000237999484e-05,0.5264830589294434,1380000.0,-0.05070114508271217,0.012958470731973648,0.011471863836050034,0.032241642475128174,3.997981548309326e-05,1.651003122329712,1.0642573833465576,-0.18427646160125732,6.262573719024658,11645.7001953125,118.47994995117188,91.1710205078125,209.65106201171875,95.3966064453125,1.8553497791290283,1.8553497791290283,1.8553497791290283,0.0
15.599207878112793,43.52000045776367,1000.0,69.0,0.7618443369865417,0.020911648869514465,14.0,1.0004162788391113,1.0004162788391113,1.0004162788391113,0.019655464217066765,9.000000136438757e-05,0.5192300081253052,1400000.0,-0.04697292670607567,0.003728218376636505,0.007174607366323471,0.032123714685440063,-0.00011792778968811035,1.6126681566238403,1.083827018737793,0.01956963539123535,6.187543869018555,11836.859375,119.31827545166016,71.79090881347656,191.1092987060547,104.65215301513672,1.8754268884658813,1.8754268884658813,1.8754268884658813,0.0
14.985013008117676,47.0,1000.0,70.0,0.7540940046310425,0.020132770761847496,14.0,1.0023484230041504,1.0023484230041504,1.0023484230041504,0.020593062043190002,8.70000003487803e-05,0.5152022838592529,1420000.0,-0.062489233911037445,-0.015516307204961777,-0.11537446081638336,0.030678875744342804,-0.0014448389410972595,1.6108144521713257,1.3624398708343506,0.2786128520965576,6.179895401000977,12026.5146484375,115.53366088867188,74.07302856445312,189.60678100585938,105.48146057128906,1.8949755430221558,1.8949755430221558,1.8949755430221558,0.0
15.136866569519043,53.91999816894531,1000.0,71.0,0.749049186706543,0.02117355354130268,17.0,1.0023906230926514,1.0023906230926514,1.0023906230926514,0.020891625434160233,8.399999933317304e-05,0.5125961303710938,1440000.0,-0.06103077530860901,0.0014584586024284363,0.46228447556495667,0.03345554322004318,0.0027766674757003784,1.6716527938842773,1.2888225317001343,-0.07361733913421631,6.150683879852295,12227.0810546875,115.62618255615234,84.8847427368164,200.51101684570312,99.74514770507812,1.9148129224777222,1.9148129224777222,1.9148129224777222,0.0
16.733991622924805,58.060001373291016,1000.0,72.0,0.7357844710350037,0.021404515951871872,16.0,1.0029178857803345,1.0029178857803345,1.0029178857803345,0.020355651155114174,8.099999831756577e-05,0.5058587193489075,1460000.0,-0.06988313049077988,-0.008852355182170868,-0.1581524759531021,0.032133445143699646,-0.0013220980763435364,1.7207746505737305,1.254822015762329,-0.034000515937805176,5.936800956726074,12423.8330078125,115.85330963134766,80.84992218017578,196.70333862304688,101.67595672607422,1.9353679418563843,1.9353679418563843,1.9353679418563843,0.0
16.73712158203125,64.0,1000.0,73.0,0.732962965965271,0.020522363483905792,16.0,1.0042332410812378,1.0042332410812378,1.0042332410812378,0.020565103739500046,7.79999973019585e-05,0.5044967532157898,1480000.0,-0.06748946011066437,0.002393670380115509,0.03460097312927246,0.03157966211438179,-0.0005537830293178558,1.672410011291504,1.3354450464248657,0.08062303066253662,6.2976765632629395,12610.9736328125,109.78678894042969,77.30511474609375,187.09197998046875,106.89928436279297,1.9572103023529053,1.9572103023529053,1.9572103023529053,0.0
16.672454833984375,58.79999923706055,1000.0,74.0,0.7259858846664429,0.02131730318069458,18.0,1.0026700496673584,1.0026700496673584,1.0026700496673584,0.019649887457489967,7.500000356230885e-05,0.500976026058197,1500000.0,-0.06541718542575836,0.002072274684906006,-0.14504310488700867,0.031925130635499954,0.00034546852111816406,1.7426515817642212,1.1651540994644165,-0.17029094696044922,6.542619228363037,12811.298828125,111.18795776367188,89.08418273925781,200.27223205566406,99.86406707763672,1.9796621799468994,1.9796621799468994,1.9796621799468994,0.0
16.217121124267578,46.619998931884766,1000.0,75.0,0.7232445478439331,0.020325912162661552,19.0,1.0018725395202637,1.0018725395202637,1.0018725395202637,0.020324500277638435,7.200000254670158e-05,0.4995482265949249,1520000.0,-0.06121409311890602,0.004203092306852341,-0.1463497281074524,0.033062174916267395,0.0011370442807674408,1.6767507791519165,1.0844881534576416,-0.0806659460067749,5.843819618225098,13016.0703125,112.68000030517578,92.0423355102539,204.72242736816406,97.6932601928711,2.001333236694336,2.001333236694336,2.001333236694336,0.0
16.740446090698242,48.0,1000.0,76.0,0.7129030823707581,0.020680738613009453,17.0,1.0026850700378418,1.0026850700378418,1.0026850700378418,0.019671013578772545,6.900000153109431e-05,0.4943787455558777,1540000.0,-0.06142225116491318,-0.00020815804600715637,-0.23412592709064484,0.03397224843502045,0.0009100735187530518,1.8128215074539185,1.182464361190796,0.0979762077331543,5.861558437347412,13211.0390625,114.85662078857422,80.06001281738281,194.91677856445312,102.60789489746094,2.022459030151367,2.022459030151367,2.022459030151367,0.0
16.122970581054688,57.15999984741211,1000.0,77.0,0.7049267888069153,0.020106498152017593,18.0,1.0008519887924194,1.0008519887924194,1.0008519887924194,0.020025745034217834,6.600000051548705e-05,0.4904876947402954,1560000.0,-0.0668414756655693,-0.005419224500656128,-0.08946642279624939,0.030105991289019585,-0.003866257146000862,1.645727515220642,1.3051576614379883,0.12269330024719238,6.225607872009277,13401.208984375,115.19447326660156,74.92140197753906,190.11599731445312,105.19892883300781,2.044118881225586,2.044118881225586,2.044118881225586,0.0
15.268535614013672,55.20000076293945,1000.0,78.0,0.6988731026649475,0.020042428746819496,19.0,1.001706838607788,1.001706838607788,1.001706838607788,0.01997707225382328,6.299999949987978e-05,0.48759058117866516,1580000.0,-0.06190907210111618,0.004932403564453125,-0.0522872731089592,0.03047698736190796,0.00037099607288837433,1.637689232826233,1.0145469903945923,-0.290610671043396,6.130873203277588,13566.455078125,101.20368957519531,64.00713348388672,165.2108917236328,121.05738830566406,2.0660512447357178,2.0660512447357178,2.0660512447357178,0.0
15.135106086730957,50.84000015258789,1000.0,79.0,0.6837009191513062,0.021316997706890106,20.0,1.0024701356887817,1.0024701356887817,1.0024701356887817,0.019808370620012283,5.999999848427251e-05,0.4803776443004608,1600000.0,-0.06662534922361374,-0.004716277122497559,-0.007961458526551723,0.027022341266274452,-0.0034546460956335068,1.6211861371994019,1.0350767374038696,0.020529747009277344,5.550250053405762,13755.1240234375,102.42224884033203,86.21646118164062,188.63877868652344,106.02273559570312,2.0877487659454346,2.0877487659454346,2.0877487659454346,0.0
15.391339302062988,48.47999954223633,1000.0,80.0,0.672649085521698,0.020137952640652657,21.0,1.003588318824768,1.003588318824768,1.003588318824768,0.019961116835474968,5.700000110664405e-05,0.4750308096408844,1620000.0,-0.07242975383996964,-0.005804404616355896,0.07917424291372299,0.027871044352650642,0.0008487030863761902,1.6531000137329102,1.116303563117981,0.08122682571411133,6.178823471069336,13939.814453125,103.23067474365234,81.41608428955078,184.64688110351562,108.31485748291016,2.1089727878570557,2.1089727878570557,2.1089727878570557,0.0
14.862373352050781,58.400001525878906,1000.0,81.0,0.6636033058166504,0.02015502005815506,23.0,1.0024257898330688,1.0024257898330688,1.0024257898330688,0.020172499120235443,5.400000009103678e-05,0.47076478600502014,1640000.0,-0.07633103430271149,-0.003901280462741852,-0.07182936370372772,0.02847760170698166,0.0006065573543310165,1.6488679647445679,1.1760327816009521,0.05972921848297119,6.092098236083984,14131.66015625,98.5674819946289,93.23709106445312,191.8046417236328,104.27275848388672,2.130896806716919,2.130896806716919,2.130896806716919,0.0
14.883593559265137,58.84000015258789,1000.0,82.0,0.654807984828949,0.020363185554742813,23.0,1.000484585762024,1.000484585762024,1.000484585762024,0.018877606838941574,5.0999999075429514e-05,0.46668392419815063,1660000.0,-0.07665100693702698,-0.0003199726343154907,0.3453052043914795,0.027692699804902077,-0.0007849019020795822,1.6113951206207275,1.0664706230163574,-0.10956215858459473,6.785728931427002,14321.9912109375,101.3280258178711,88.96319580078125,190.2913055419922,105.10202026367188,2.1535069942474365,2.1535069942474365,2.1535069942474365,0.0
13.308747291564941,53.459999084472656,1000.0,83.0,0.636421799659729,0.02008674666285515,24.0,1.0026851892471313,1.0026851892471313,1.0026851892471313,0.019324520602822304,4.8000001697801054e-05,0.4583500921726227,1680000.0,-0.06697528809309006,0.00967571884393692,-0.04057493805885315,0.025575770065188408,-0.002116929739713669,1.4925531148910522,0.9350345730781555,-0.1314360499382019,6.33155632019043,14516.1689453125,101.2451400756836,92.89167785644531,194.13690185546875,103.02008819580078,2.1761367321014404,2.1761367321014404,2.1761367321014404,0.0
13.69331169128418,55.380001068115234,1000.0,84.0,0.6200763583183289,0.02047921158373356,25.0,1.0032740831375122,1.0032740831375122,1.0032740831375122,0.01994733139872551,4.5000000682193786e-05,0.4509311616420746,1700000.0,-0.08108929544687271,-0.014114007353782654,0.012570247054100037,0.03266693279147148,0.007091162726283073,1.6758408546447754,1.1500543355941772,0.21501976251602173,7.3347954750061035,14713.9921875,99.55439758300781,98.22940826416016,197.78387451171875,101.12047576904297,2.1990091800689697,2.1990091800689697,2.1990091800689697,0.0
14.974963188171387,54.099998474121094,1000.0,85.0,0.6117715835571289,0.02003815956413746,27.0,1.0034979581832886,1.0034979581832886,1.0034979581832886,0.019965000450611115,4.199999966658652e-05,0.4472125768661499,1720000.0,-0.0754963755607605,0.005592919886112213,-0.11658461391925812,0.029216580092906952,-0.0034503526985645294,1.6833771467208862,0.9535493850708008,-0.19650495052337646,6.812812328338623,14950.162109375,101.77757263183594,134.352294921875,236.1300506591797,84.69908905029297,2.221961736679077,2.221961736679077,2.221961736679077,0.0
15.514688491821289,68.9000015258789,1000.0,86.0,0.6001797914505005,0.02045809105038643,29.0,1.005185842514038,1.005185842514038,1.005185842514038,0.019822651520371437,3.899999865097925e-05,0.44205713272094727,1740000.0,-0.0923195332288742,-0.01682315766811371,0.1491205394268036,0.02772810496389866,-0.0014884751290082932,1.675516963005066,1.014513373374939,0.060963988304138184,6.798800945281982,15162.4658203125,101.56915283203125,110.68779754638672,212.25701904296875,94.22538757324219,2.246640682220459,2.246640682220459,2.246640682220459,0.0
14.833850860595703,56.880001068115234,1000.0,87.0,0.588224470615387,0.02013765648007393,31.0,1.0028587579727173,1.0028587579727173,1.0028587579727173,0.018919087946414948,3.600000127335079e-05,0.4367607533931732,1760000.0,-0.06653531640768051,0.025784216821193695,-0.021230548620224,0.02879250980913639,0.001064404845237732,1.6050856113433838,0.7513496279716492,-0.2631637454032898,6.728818893432617,15385.369140625,101.15349578857422,121.70866394042969,222.86224365234375,89.74153900146484,2.271540403366089,2.271540403366089,2.271540403366089,0.0
13.21636962890625,37.18000030517578,1000.0,88.0,0.5764117240905762,0.02064797841012478,34.0,1.0032451152801514,1.0032451152801514,1.0032451152801514,0.01933370530605316,3.300000025774352e-05,0.4317638576030731,1780000.0,-0.051472101360559464,0.015063215047121048,0.08911851793527603,0.025357922539114952,-0.0034345872700214386,1.5426514148712158,0.5504196882247925,-0.2009299397468567,6.4163618087768555,15630.0849609375,114.69895935058594,129.97732543945312,244.67636108398438,81.74063110351562,2.2943456172943115,2.2943456172943115,2.2943456172943115,0.0
13.4910249710083,41.91999816894531,1000.0,89.0,0.5676268339157104,0.020031960681080818,34.0,1.0060341358184814,1.0060341358184814,1.0060341358184814,0.01969490945339203,2.9999999242136255e-05,0.42794814705848694,1800000.0,-0.07559847831726074,-0.02412637695670128,-0.2705017030239105,0.024843523278832436,-0.0005143992602825165,1.5915271043777466,0.909393310546875,0.3589736223220825,5.6238603591918945,15872.8212890625,128.4111785888672,114.27789306640625,242.6891326904297,82.40995025634766,2.3158249855041504,2.3158249855041504,2.3158249855041504,0.0
14.102838516235352,55.720001220703125,1000.0,90.0,0.5580395460128784,0.020257309079170227,38.0,1.0037164688110352,1.0037164688110352,1.0037164688110352,0.01945153996348381,2.700000004551839e-05,0.42393675446510315,1820000.0,-0.07825269550085068,-0.0026542171835899353,0.061793118715286255,0.029893338680267334,0.005049815401434898,1.6134306192398071,0.8280419111251831,-0.0813513994216919,5.959290504455566,16133.98046875,128.95611572265625,132.1612548828125,261.117431640625,76.59388732910156,2.3377370834350586,2.3377370834350586,2.3377370834350586,0.0
14.372535705566406,73.16000366210938,1000.0,91.0,0.5524183511734009,0.019356554374098778,40.0,1.0046099424362183,1.0046099424362183,1.0046099424362183,0.01922336034476757,2.4000000848900527e-05,0.42152202129364014,1840000.0,-0.08043058961629868,-0.002177894115447998,0.00950823724269867,0.02672492526471615,-0.0031684134155511856,1.4970824718475342,0.7587888836860657,-0.06925302743911743,6.296962261199951,16398.876953125,128.5521240234375,136.29959106445312,264.8517761230469,75.51393127441406,2.3620059490203857,2.3620059490203857,2.3620059490203857,0.0
14.062664031982422,57.619998931884766,1000.0,92.0,0.5413128733634949,0.0174906887114048,40.0,1.0029841661453247,1.0029841661453247,1.0029841661453247,0.017687194049358368,2.099999983329326e-05,0.4167487919330597,1860000.0,-0.06656806915998459,0.013862520456314087,0.24690376222133636,0.028445754200220108,0.0017208289355039597,1.6387391090393066,0.6930525302886963,-0.06573635339736938,7.049647808074951,16663.517578125,128.4123077392578,136.1837921142578,264.5961608886719,75.58688354492188,2.3866477012634277,2.3866477012634277,2.3866477012634277,0.0
13.996709823608398,53.619998931884766,1000.0,93.0,0.5332660675048828,0.01613079197704792,40.0,1.0036084651947021,1.0036084651947021,1.0036084651947021,0.017578471451997757,1.8000000636675395e-05,0.413350909948349,1880000.0,-0.07114733010530472,-0.004579260945320129,-0.3097488582134247,0.02871868386864662,0.00027292966842651367,1.6071044206619263,0.7756757140159607,0.0826231837272644,6.455254077911377,16927.06640625,125.67465209960938,137.8258514404297,263.5005798339844,75.90116119384766,2.411170482635498,2.411170482635498,2.411170482635498,0.0
14.055135726928711,54.47999954223633,1000.0,94.0,0.5282305479049683,0.014118173159658909,40.0,1.002730369567871,1.002730369567871,1.002730369567871,0.016603071242570877,1.4999999621068127e-05,0.4113171398639679,1900000.0,-0.06810266524553299,0.0030446648597717285,-0.29128557443618774,0.029726140201091766,0.0010074563324451447,1.5427953004837036,0.7084594964981079,-0.06721621751785278,5.811230659484863,17196.474609375,129.06295776367188,140.28834533691406,269.35137939453125,74.25244903564453,2.435692071914673,2.435692071914673,2.435692071914673,0.0
13.136069297790527,45.91999816894531,1000.0,95.0,0.5273908376693726,0.011766145937144756,40.0,1.0013294219970703,1.0013294219970703,1.0013294219970703,0.015162019990384579,1.2000000424450263e-05,0.41099658608436584,1920000.0,-0.052374470978975296,0.015728194266557693,0.12160845100879669,0.028738727793097496,-0.0009874124079942703,1.406211256980896,0.6248809099197388,-0.08357858657836914,5.648529529571533,17457.787109375,128.32797241210938,132.93678283691406,261.26483154296875,76.55067443847656,2.4592084884643555,2.4592084884643555,2.4592084884643555,0.0
13.058588027954102,40.2599983215332,1000.0,96.0,0.5204209685325623,0.010792874731123447,40.0,1.0018060207366943,1.0018060207366943,1.0018060207366943,0.014418091624975204,9.000000318337698e-06,0.4081992208957672,1940000.0,-0.04601132869720459,0.006363142281770706,-0.015312347561120987,0.03159956634044647,0.002860838547348976,1.5041491985321045,0.56545090675354,-0.05943000316619873,5.467438220977783,17721.38671875,128.49578857421875,135.05677795410156,263.5526428222656,75.88616943359375,2.481135129928589,2.481135129928589,2.481135129928589,0.0
13.531137466430664,41.15999984741211,1000.0,97.0,0.5143436193466187,0.007847307249903679,40.0,1.0013469457626343,1.0013469457626343,1.0013469457626343,0.012924505397677422,6.000000212225132e-06,0.4057694375514984,1960000.0,-0.044550493359565735,0.001460835337638855,0.41228005290031433,0.02789369225502014,-0.0037058740854263306,1.514937400817871,0.623175323009491,0.05772441625595093,5.122252941131592,17981.17578125,128.1747283935547,131.56382751464844,259.7386169433594,77.00048828125,2.5017361640930176,2.5017361640930176,2.5017361640930176,0.0
14.761879920959473,36.84000015258789,1000.0,98.0,0.5133404731750488,0.006379449740052223,40.0,1.0010957717895508,1.0010957717895508,1.0010957717895508,0.01173402275890112,3.000000106112566e-06,0.4053696393966675,1980000.0,-0.03348623216152191,0.011064261198043823,-0.07838191092014313,0.029469504952430725,0.0015758126974105835,1.6466419696807861,0.6480582356452942,0.024882912635803223,5.527244567871094,18246.9296875,128.07937622070312,137.62899780273438,265.7084655761719,75.27046966552734,2.5206055641174316,2.5206055641174316,2.5206055641174316,0.0
13.881612777709961,42.58000183105469,1000.0,99.0,0.5115389823913574,0.004849850200116634,40.0,0.9999874234199524,0.9999874234199524,0.9999874234199524,0.010355118662118912,0.0,0.4046595096588135,2000000.0,-0.02528058923780918,0.00820564292371273,-0.06809422373771667,0.028022101148962975,-0.0014474038034677505,1.5377027988433838,0.6748236417770386,0.026765406131744385,5.501996040344238,18508.11328125,125.93769836425781,135.19715881347656,261.13494873046875,76.58875274658203,2.538623094558716,2.538623094558716,2.538623094558716,0.0
